#,date,content,id,url,language (if we know),sentence-final? (Y/N),# of occurrence,humorous? (Y/N)
1,2022-02-19 23:56:15+00:00,@PRAISEBIBLEFLY oh- ğŸ˜­ğŸ—¿,1495185494900195329,https://twitter.com/fanatmerayi/status/1495185494900195329,English,Y,1,N
2,2022-02-19 23:52:43+00:00,@sapshairhorns neither that's why I don't have itğŸ—¿ğŸ˜­,1495184604739039232,https://twitter.com/Sheakie__/status/1495184604739039232,English,Y,1,N
3,2022-02-19 23:47:53+00:00,@kneecourts OK STOP ğŸ›‘ğŸ›‘ğŸ›‘ğŸ›‘ I MADE A MISTAKE ğŸ—¿ğŸ—¿ğŸ—¿ğŸ—¿ğŸ˜­ğŸ˜­ğŸ˜­,1495183389284265984,https://twitter.com/Oatymeals/status/1495183389284265984,English,Y,4,N
4,2022-02-19 23:49:11+00:00,@Sniping_Soup Wait I didnâ€™t send a dick pic to soup ğŸ˜³ğŸ’€ğŸ’€ğŸ—¿ğŸ¦,1495183715982585858,https://twitter.com/NFDEEZ2/status/1495183715982585858,English,Y,1,Y
5,2022-02-19 23:59:49+00:00,It has begun ğŸ—¿ https://t.co/sJBbR2hqbU https://t.co/AJ58Hf245N,1495186393101910022,https://twitter.com/CEOofEmiya/status/1495186393101910022,English,Y,1,N
6,2022-02-19 23:58:32+00:00,this is why yâ€™all never get soft mama catra from kitty on time. yâ€™all canâ€™t read ğŸ—¿,1495186067993300996,https://twitter.com/mattiedoodles/status/1495186067993300996,English,Y,1,Y
7,2022-02-19 23:58:11+00:00,@TekHardy @SamBastion who needs parties when you have halo ğŸ—¿,1495185979283423232,https://twitter.com/shadoti2/status/1495185979283423232,English,Y,1,Y
8,2022-02-19 23:58:04+00:00,@ItsJustLiamm Twitter is creepy asf ğŸ—¿,1495185950602936323,https://twitter.com/LordScramble6/status/1495185950602936323,English,Y,1,N
9,2022-02-19 23:56:24+00:00,@aminjutsu Itâ€™s number one Iâ€™m afraid ğŸ—¿,1495185532258816001,https://twitter.com/kaio_9k/status/1495185532258816001,English,Y,1,N
10,2022-02-19 23:56:18+00:00,WW84 was a year and two months ago ğŸ—¿ https://t.co/WGk6Ktjlts,1495185507642400772,https://twitter.com/duh1011/status/1495185507642400772,English,Y,1,N
11,2022-02-19 23:55:18+00:00,@apollororo @Himawar92106819 @XavierLamarWar2 @justzoforit @KylianNeta Rip my notifs ğŸ—¿ğŸ—¿ğŸ—¿,1495185254063251458,https://twitter.com/Tobiraama_Senju/status/1495185254063251458,English,Y,3,N
12,2022-02-19 23:54:54+00:00,"@hagide2 @IMUEMv I was gonna comment about sharks, but then I noticed the image ğŸ—¿ğŸ—¿ğŸ—¿ğŸ—¿ğŸ—¿ğŸ—¿ğŸ—¿ğŸ—¿ğŸ—¿ğŸ—¿ğŸ—¿ğŸ—¿",1495185152485769219,https://twitter.com/PachePat/status/1495185152485769219,English,Y,12,Y
13,2022-02-19 23:54:24+00:00,@fanatmerayi youâ€™re soğŸ—¿,1495185027109425157,https://twitter.com/PRAISEBIBLEFLY/status/1495185027109425157,English,Y,1,N
14,2022-02-19 23:53:58+00:00,@SpliggitySploot Yeah bruv ğŸ—¿,1495184920125263873,https://twitter.com/Kosm1c/status/1495184920125263873,English,Y,1,N
15,2022-02-19 23:53:52+00:00,"A few years ago when the ant! movement started getting to me in my daily social media, I remember there was a M0ther redraw meme which was basically to call ppl freaks for lewding the characters or shipping pr0blematic stuff.

So I drew Cl@us and Luc@s kissing out of spite ğŸ—¿",1495184894477099009,https://twitter.com/_ShotaPeachie/status/1495184894477099009,English,Y,1,N
16,2022-02-19 23:53:32+00:00,@Lightmi__ Nahhh no Hanma slander allowed ğŸ—¿,1495184809768980480,https://twitter.com/_Occultist/status/1495184809768980480,English,Y,1,N
17,2022-02-19 23:53:22+00:00,"á… 

https://t.co/zHUwtKXJna  i  wanna  approach  people  to  plot
but  lemme  tell  you  i'm  one  shy  ass  nigga  ğŸ—¿

á… ",1495184766647390212,https://twitter.com/VIOLENCOHOLIC/status/1495184766647390212,English,Y,1,N
18,2022-02-19 23:52:59+00:00,"@x100_imonkey @FluffyArcticFox Lol, jk. ğŸ—¿",1495184671486922753,https://twitter.com/LegendarySSB/status/1495184671486922753,English,Y,1,Y
19,2022-02-19 23:52:53+00:00,"@DbsHype Mfs obviously don't know what a joke is, my gawdğŸ—¿",1495184645205417985,https://twitter.com/yessir167/status/1495184645205417985,English,Y,1,Y
20,2022-02-19 23:52:17+00:00,@AlexOfAqua @UllrAlt @kaio_9k I like both ğŸ—¿,1495184493963010050,https://twitter.com/GoingSped/status/1495184493963010050,English,Y,1,N
21,2022-02-19 23:51:57+00:00,@AyinePLUR Why he ourpleğŸ—¿,1495184409921732608,https://twitter.com/NFDEEZ2/status/1495184409921732608,English,Y,1,Y
22,2022-02-19 23:51:46+00:00,@x100_imonkey @FluffyArcticFox No ğŸ—¿,1495184364040339460,https://twitter.com/LegendarySSB/status/1495184364040339460,English,Y,1,N
23,2022-02-19 23:51:13+00:00,@Galahadke2 Self reward ğŸ—¿ğŸ—¿,1495184227784028160,https://twitter.com/jiannjunn/status/1495184227784028160,English,Y,2,N
24,2022-02-19 23:50:40+00:00,@InstinctCullen Trunks also has blue hair now too ğŸ—¿,1495184089254535168,https://twitter.com/EZAFFFAAAAA/status/1495184089254535168,English,Y,1,N
25,2022-02-19 23:50:33+00:00,@Switchemup_06 How haven't u done that alreadyğŸ—¿I'm sorry but L,1495184057956720652,https://twitter.com/zpur17/status/1495184057956720652,English,Y,1,N
26,2022-02-19 23:50:12+00:00,@DieALegend fuck it letâ€™s go gold 3 ğŸ—¿ğŸ™ˆ,1495183970190823425,https://twitter.com/tenacityna/status/1495183970190823425,English,Y,1,N
27,2022-02-19 23:50:11+00:00,"@CEOofCrusch One beats ass with fire fists and kicks

The other beats the shit out of you with the back end of an oversized shieldğŸ—¿ğŸ—¿",1495183967917465604,https://twitter.com/CEOofAnastasia/status/1495183967917465604,English,Y,2,Y
28,2022-02-19 23:49:51+00:00,"@KatyNation20 These trends are so stupid ğŸ—¿ but if it gets katy to chart again, I say we suggest doing one for her underrated hits like roulette or WIG",1495183883226083330,https://twitter.com/gabethetwink/status/1495183883226083330,English,Y,1,N
29,2022-02-19 23:49:35+00:00,"@SaladSaiyan I mean I get it, Db prolly wanted to show the audience that Buu had even more than the last (more than regeneration) but as a kid, me hearing M Vegeta say ""I'll destroy you so completely, there wont be any left to regenerate"" then Buu just somehow come back, I was like: ğŸ—¿ğŸ—¿ğŸ—¿",1495183817564467204,https://twitter.com/BlunderCoom/status/1495183817564467204,English,Y,3,N
30,2022-02-19 23:49:35+00:00,"@shenketsu @Weezerstan01 I was GOING to retweet, but itâ€™s on 69 ğŸ—¿",1495183817430216707,https://twitter.com/BoozledYa/status/1495183817430216707,English,Y,1,Y
31,2022-02-19 23:49:31+00:00,Apex wonâ€™t gives us better audio but will willingly give us depression ğŸ—¿,1495183799608610819,https://twitter.com/SlothySnapz/status/1495183799608610819,English,Y,1,Y
32,2022-02-19 23:49:22+00:00,@aAF2P Reminds me of that one meme where Chichi wants to fuck goku and didn't realize it was goten so she cut his hair ğŸ—¿,1495183763218776069,https://twitter.com/carimcolaa/status/1495183763218776069,English,Y,1,N
33,2022-02-19 23:49:02+00:00,@thekingofbel Nah they're funnyğŸ—¿,1495183678959493127,https://twitter.com/Ringhoul/status/1495183678959493127,English,Y,1,N
34,2022-02-19 23:48:43+00:00,moots are safe just. oh my gawdğŸ—¿...,1495183597606744064,https://twitter.com/ttrashcatt_/status/1495183597606744064,English,Y,1,N
35,2022-02-19 23:48:43+00:00,"@darugona_ Ranboo is in a relationship 
Did I just revealed something??ğŸ§ğŸ—¿",1495183596314890240,https://twitter.com/itsNessaw/status/1495183596314890240,English,Y,1,Y
36,2022-02-19 23:48:37+00:00,@wheezyah @slvppy I just woke up and its 3:47pm ğŸ—¿,1495183570670809088,https://twitter.com/TheSkymr1/status/1495183570670809088,English,Y,1,Y
37,2022-02-19 23:48:18+00:00,@StreamEthereal TrueğŸ—¿,1495183492761591810,https://twitter.com/Samsingh445/status/1495183492761591810,English,Y,1,N
38,2022-02-19 23:48:14+00:00,@ArrowDB @Raiyuden_YT Gtfo of here bro like leave us alone if you don't like the game don't comment mean stuff about it ğŸ—¿,1495183477498654725,https://twitter.com/coolguye45/status/1495183477498654725,English,Y,1,N
39,2022-02-19 23:48:10+00:00,@BoisDown Get yo ass back in the shower bitch Iâ€™m comin in ğŸ—¿ https://t.co/sS8Rstasku,1495183459882610690,https://twitter.com/Cauliflaepic12/status/1495183459882610690,English,Y,1,Y
40,2022-02-19 23:47:56+00:00,@xofien1 Ehhhhh idk it's been pretty solid ğŸ—¿,1495183400881332226,https://twitter.com/RioAnxiety/status/1495183400881332226,English,Y,1,N
41,2022-02-19 23:47:35+00:00,What'chu mean I made one ğŸ—¿ https://t.co/nHujAIyyZj,1495183314390380547,https://twitter.com/PSYCH0JACKAL/status/1495183314390380547,English,Y,1,N
42,2022-02-19 23:47:17+00:00,is that how u do it?? i see people do it..like u put hashtag nw (now watching) and then the nameğŸ—¿,1495183235256487938,https://twitter.com/trinidaddylmao/status/1495183235256487938,English,Y,1,N
43,2022-02-19 23:47:04+00:00,@Trashmanwh Tweeted it 3 minutes before you + my pic is higher quality + gas it ğŸ—¿,1495183181535928320,https://twitter.com/ITSSLADEWILSON/status/1495183181535928320,English,Y,1,N
44,2022-02-19 23:46:54+00:00,"@AKUN0SAIYAJIN  
square  up  ğŸ—¿",1495183138854690827,https://twitter.com/VIOLENCOHOLIC/status/1495183138854690827,English,Y,1,N
45,2022-02-19 23:46:33+00:00,@1r0bin9 Thatâ€™s not Goten ğŸ—¿,1495183054066917381,https://twitter.com/SaladSaiyan/status/1495183054066917381,English,Y,1,N
46,2022-02-19 23:46:19+00:00,@CopeSeetheMald @makiiavelli Tsukihime anime versus the acc VN ğŸ—¿,1495182991735373826,https://twitter.com/tharuth1702/status/1495182991735373826,English,Y,1,N
47,2022-02-19 23:45:50+00:00,"@ducker502 Idk ğŸ¤ğŸ—¿
U?",1495182871878897664,https://twitter.com/SPxFEAR/status/1495182871878897664,English,Y,1,N
48,2022-02-19 23:44:55+00:00,@retro_1999 Took them forever but at least it happened ğŸ—¿,1495182639854231554,https://twitter.com/crownedc1own/status/1495182639854231554,English,Y,1,N
49,2022-02-19 23:44:02+00:00,@FnY001 I just want to ask you how to take screenshot of webtoon fastpass ??pleaseğŸ‘‰ğŸ‘ˆğŸ—¿,1495182417958690820,https://twitter.com/yuikomo40830777/status/1495182417958690820,English,Y,1,N
50,2022-02-19 23:43:35+00:00,@OgRoopy I can't because you aren't. You have that clutch factor ğŸ—¿,1495182306046324743,https://twitter.com/Minerva4K/status/1495182306046324743,English,Y,1,N
51,2022-02-19 23:43:29+00:00,@DrMalding No but it can beğŸ—¿,1495182279160872961,https://twitter.com/Lit4Geeks/status/1495182279160872961,English,Y,1,N
52,2022-02-19 23:43:17+00:00,@erenimissyou What are these for exactly ğŸ—¿,1495182228208373764,https://twitter.com/sonofkojiro/status/1495182228208373764,English,Y,1,N
53,2022-02-19 23:43:06+00:00,@AlexOfAqua Plus Deku clears the listğŸ—¿,1495182186059812865,https://twitter.com/kaio_9k/status/1495182186059812865,English,Y,1,N
54,2022-02-19 23:43:04+00:00,@chris9y4 Back in my day weâ€™d just find the homies with the same size dick and see if we choked on each others ğŸ—¿,1495182177109110784,https://twitter.com/___eric________/status/1495182177109110784,English,Y,1,Y
55,2022-02-19 23:42:19+00:00,@j4nk0__ Look at the fingersğŸ—¿ https://t.co/Tt9Oubfc6c,1495181986570383364,https://twitter.com/KurgerBingg/status/1495181986570383364,English,Y,1,N
56,2022-02-19 23:42:19+00:00,@crimsonraven_66 Metal ğŸ¤˜ğŸ—¿ğŸ¤˜,1495181986079682563,https://twitter.com/ArturoOrlando19/status/1495181986079682563,English,Y,1,N
57,2022-02-19 23:42:12+00:00,Alright I just relistened money trees might be kinda clear ğŸ—¿,1495181957465985026,https://twitter.com/yabromm/status/1495181957465985026,English,Y,1,N
58,2022-02-19 23:41:41+00:00,"Can't wait for #humanresources @netflix 
The logic rocks feels like a golem but actuallyğŸ—¿
https://t.co/eNHrnMgyYg",1495181826725490690,https://twitter.com/TamedBark/status/1495181826725490690,English,Y,1,N
59,2022-02-19 23:41:31+00:00,I'm talking with this girl I like and I gotta say this is hindering my art gains ğŸ—¿ğŸ—¿,1495181784589365249,https://twitter.com/santicalt/status/1495181784589365249,English,Y,2,N
60,2022-02-19 23:41:14+00:00,@RozayNY The debuff dosent seem that broken its def strong but ğŸ—¿ we shall see,1495181715765088259,https://twitter.com/IClassifiedl/status/1495181715765088259,English,Y,1,N
61,2022-02-19 23:41:10+00:00,how come hive never talk about GMB &amp; Upgrade U being these big R&amp;B hits ğŸ—¿ https://t.co/1hoBr6CDmV,1495181698820104193,https://twitter.com/5MilesToEmpty/status/1495181698820104193,English,Y,1,N
62,2022-02-19 23:40:47+00:00,@xPhysixal -2 months old ğŸ—¿,1495181600744779779,https://twitter.com/staypufft1/status/1495181600744779779,English,Y,1,N
63,2022-02-19 23:40:29+00:00,@shawncookie_ @shuyamania SHAWN GIVEME THE OG PICTURE BARKSğŸ—¿ğŸ—¿ğŸ˜¼,1495181524764876808,https://twitter.com/iiboxxi_/status/1495181524764876808,English,Y,2,N
64,2022-02-19 23:40:27+00:00,Blanks I just havenâ€™t watched and or read enough of ğŸ—¿ https://t.co/oHW282nPo3 https://t.co/0mvPGyT9E5,1495181516061782019,https://twitter.com/P3RCSZN/status/1495181516061782019,English,Y,1,N
65,2022-02-19 23:40:26+00:00,@flxyhimself Damn ğŸ—¿,1495181514090242049,https://twitter.com/DADDYVERX/status/1495181514090242049,English,Y,1,N
66,2022-02-19 23:39:54+00:00,@That1guyoverthr I'm still wondering why Cody rps sex in lobby stillğŸ—¿,1495181377905602561,https://twitter.com/Yang5bgamers/status/1495181377905602561,English,Y,1,N
67,2022-02-19 23:39:20+00:00,"@Nelkhael_fgc @thisislijoe So my team created by feel is perfect ğŸ—¿
Iori/Isla/Vanessa",1495181234561032199,https://twitter.com/AcnologiaFGC/status/1495181234561032199,English,Y,1,N
68,2022-02-19 23:39:11+00:00,@kaio_9k Mfs said respect tanjiro and Deku when Violet is getting disrespected by being next to these characters ğŸ—¿,1495181198229913609,https://twitter.com/AlexOfAqua/status/1495181198229913609,English,Y,1,N
69,2022-02-19 23:39:06+00:00,@cfalcon__ @wyaTanjiro U deleted it bro ğŸ—¿,1495181177531076617,https://twitter.com/Klouted_Proxy/status/1495181177531076617,English,Y,1,N
70,2022-02-19 23:38:57+00:00,"""pUt A pIn iN i-"" bitch stfu no one cares ğŸ—¿ğŸ—¿ğŸ—¿",1495181140046618628,https://twitter.com/Car10s3306/status/1495181140046618628,English,Y,3,N
71,2022-02-19 23:38:44+00:00,"@jo_isnot_nice @Chaos3109 Im talking Abt female and male fanservice ğŸ—¿
And how tits or a sixpack are just there and no one should make that big of a problem out of it 
And sorry but if you are so sick of seeing fanservice than animanga is just not the right thing for you ğŸ¤·ğŸ»",1495181087324221440,https://twitter.com/manu6603/status/1495181087324221440,English,Y,1,N
72,2022-02-19 23:38:36+00:00,Now I wouldnâ€™t even do this for Tom Holland ğŸ—¿ https://t.co/ulxJAOkBoS,1495181051907432451,https://twitter.com/stevejamalevans/status/1495181051907432451,English,Y,1,N
73,2022-02-19 23:38:35+00:00,@GameGaterTm how do you even fuck that upğŸ—¿,1495181047385972742,https://twitter.com/BlueDemonTR/status/1495181047385972742,English,Y,1,N
74,2022-02-19 23:38:35+00:00,@sefirozu Both ğŸ—¿,1495181046656036869,https://twitter.com/42Kurama/status/1495181046656036869,English,Y,1,N
75,2022-02-19 23:38:11+00:00,and itâ€™s hard ğŸ—¿ to keep my cool ğŸ˜ when other beaches ğŸ– tryna get with my dude ğŸ§,1495180945112059905,https://twitter.com/pointnadal/status/1495180945112059905,English,Y,1,N
76,2022-02-19 23:38:10+00:00,@___eric________ @DoubleAsa_stan Yeah obviously ğŸ—¿,1495180943950237698,https://twitter.com/tfwdria_/status/1495180943950237698,English,Y,1,N
77,2022-02-19 23:37:48+00:00,@deemfx Bruh ğŸ—¿,1495180849070936066,https://twitter.com/Stal4k/status/1495180849070936066,English,Y,1,N
78,2022-02-19 23:37:23+00:00,Gotta love healthy conversations about vasectomies with the boys at 11pm ğŸ˜¤â™¥ï¸ğŸ—¿,1495180746377646083,https://twitter.com/JoshYeulett/status/1495180746377646083,English,Y,1,Y
79,2022-02-19 23:36:45+00:00,McDonalds is racist ğŸ—¿ğŸ—¿,1495180584456499201,https://twitter.com/ColanJared/status/1495180584456499201,English,Y,2,Y
80,2022-02-19 23:36:39+00:00,@Alby_The_Otaku W ig ğŸ—¿,1495180559953313794,https://twitter.com/Cursed_Adjuchas/status/1495180559953313794,English,Y,1,N
81,2022-02-19 23:36:36+00:00,IT WORKED ğŸ—¿ğŸ—¿ğŸ—¿ğŸ—¿ https://t.co/VmD8Ynujhy,1495180546347085825,https://twitter.com/999_MATT_/status/1495180546347085825,English,Y,4,N
82,2022-02-19 23:36:29+00:00,@BuffHybrids @ImRaiju Dual isn't gonna like this. ğŸ—¿,1495180518807252994,https://twitter.com/LegendarySSB/status/1495180518807252994,English,Y,1,N
83,2022-02-19 23:36:01+00:00,@astroiea he doesnt usually end this early... now i have no excuse to stay up late ğŸ—¿,1495180401526157312,https://twitter.com/alliumcrime/status/1495180401526157312,English,Y,1,N
84,2022-02-19 23:35:37+00:00,@tfwdria_ @DoubleAsa_stan Pink lemons donâ€™t even exist ğŸ—¿,1495180300137103362,https://twitter.com/___eric________/status/1495180300137103362,English,Y,1,N
85,2022-02-19 23:35:20+00:00,I didnâ€™t even sleep and my friend woke up ğŸ—¿,1495180230679359488,https://twitter.com/IceLovesEren/status/1495180230679359488,English,Y,1,N
86,2022-02-19 23:35:09+00:00,@LyricOfWisdom Assuming fatality beats c.kaleb rn ğŸ—¿,1495180184647081988,https://twitter.com/Yoda_Cage/status/1495180184647081988,English,Y,1,N
87,2022-02-19 23:34:58+00:00,@SonaDrawzStuff Ratio ğŸ—¿,1495180137247039489,https://twitter.com/L1tTleSp1rNg_Xx/status/1495180137247039489,English,Y,1,N
88,2022-02-19 23:34:57+00:00,"Feeling ill tonight.

I've been off since January 1st. How am I alive?ğŸ—¿",1495180134218874884,https://twitter.com/tkmcAnti/status/1495180134218874884,English,Y,1,N
89,2022-02-19 23:34:40+00:00,@hollow_comet Bro ğŸ—¿,1495180062328508418,https://twitter.com/red_deity/status/1495180062328508418,English,Y,1,N
90,2022-02-19 23:33:42+00:00,@xofien1 What I do ğŸ—¿,1495179820447248389,https://twitter.com/RioAnxiety/status/1495179820447248389,English,Y,1,N
91,2022-02-19 23:33:29+00:00,@magnoliasoup @kiwi_reaper not my fault you bitch about accounts you can just block ğŸ—¿,1495179762008051714,https://twitter.com/fizzyloafbot/status/1495179762008051714,English,Y,1,Y
92,2022-02-19 23:33:20+00:00,Yet they say we the toxic ones ğŸ—¿ğŸ—¿ğŸ—¿ https://t.co/y3dTSFB4Iu,1495179727526678530,https://twitter.com/2020saidfuck_u/status/1495179727526678530,English,Y,3,N
93,2022-02-19 23:32:26+00:00,@DoubleAsa_stan Donâ€™t you dare ğŸ—¿,1495179500577038336,https://twitter.com/tfwdria_/status/1495179500577038336,English,Y,1,N
94,2022-02-19 23:31:43+00:00,@ANGELES75239246 Yes ğŸ—¿,1495179317999017991,https://twitter.com/zpur17/status/1495179317999017991,English,Y,1,N
95,2022-02-19 23:31:07+00:00,@kairoomii theyâ€™re both just ğŸ—¿,1495179169801637892,https://twitter.com/mythsprings/status/1495179169801637892,English,Y,1,N
96,2022-02-19 23:30:48+00:00,@manu6603 Niggas act like 18 doesnâ€™t end with the word teen ğŸ—¿,1495179086997696520,https://twitter.com/Yushito7/status/1495179086997696520,English,Y,1,Y
97,2022-02-19 23:30:12+00:00,@teoremabodong KyahahahahahağŸ—¿ğŸ—¿,1495178937143492611,https://twitter.com/madusetan/status/1495178937143492611,English,Y,2,Y
98,2022-02-19 23:30:04+00:00,@zpur17 @Nion_V2 @CruzControl887 @Xboxperson3 No please let's work together ğŸ—¿ğŸ—¿ğŸ—¿ğŸ—¿,1495178903299706883,https://twitter.com/Perfect6996Cel3/status/1495178903299706883,English,Y,4,N
99,2022-02-19 23:29:57+00:00,@2Calico This sat in my postmaster for a couple days before I realized ğŸ—¿ https://t.co/5uDyNAprZ8,1495178873310519298,https://twitter.com/HipVon/status/1495178873310519298,English,Y,1,N
100,2022-02-19 23:29:51+00:00,"@BI0L0GICHABITS / DO THEY HAVE ANYTHING ELSE BETTER TO DO 

itâ€™s them or the futa widowmakers ğŸ—¿ğŸ—¿",1495178849361014785,https://twitter.com/spiderskiss/status/1495178849361014785,English,Y,2,N
101,2022-02-19 23:29:02+00:00,A mf just tried to tell me that I canâ€™t think 17 year olds are hot bcs im 18 ğŸ—¿,1495178643957555206,https://twitter.com/manu6603/status/1495178643957555206,English,Y,1,Y
102,2022-02-19 23:28:52+00:00,@tlzii Iâ€™m sorry ily&lt;333 AND DONT CALL ME HOLLYWOOD ğŸ—¿,1495178603780259843,https://twitter.com/yuujishomie/status/1495178603780259843,English,Y,1,N
103,2022-02-19 23:28:40+00:00,"@Killuahubb @xnasimm then look at the picture of them bruh. aint that hard, the LN still has a cover ğŸ—¿",1495178550370095110,https://twitter.com/morfeene/status/1495178550370095110,English,Y,1,N
104,2022-02-19 23:28:37+00:00,@wldflowersc sameğŸ—¿,1495178539368386560,https://twitter.com/305MAIJ/status/1495178539368386560,English,Y,1,N
105,2022-02-19 23:27:46+00:00,"There are legitimate reasons to criticize people for disliking something depending on context, but in THIS context it's just KawaiSprite being childish afrer receiving even an ounce of criticism ğŸ—¿ğŸ—¿ğŸ—¿ğŸ—¿",1495178323730866180,https://twitter.com/curiosityman2/status/1495178323730866180,English,Y,4,N
106,2022-02-19 23:27:16+00:00,@AlexandraALT03 Stealing tweets I see ğŸ—¿,1495178199168438274,https://twitter.com/DiamondRainx/status/1495178199168438274,English,Y,1,N
107,2022-02-19 23:26:35+00:00,@x100_imonkey @kaio_9k What are you countering tho I didnâ€™t try to ratio ğŸ—¿,1495178028078481409,https://twitter.com/ZENOEMPEROR/status/1495178028078481409,English,Y,1,N
108,2022-02-19 23:26:20+00:00,Kinda half-assed it at the end so I could work on something else ğŸ—¿,1495177964207681555,https://twitter.com/MrSaladSnake/status/1495177964207681555,English,Y,1,N
109,2022-02-19 23:24:51+00:00,@sukunxswhxre @pers_alt @JuicyBoxxes I am ğŸ—¿,1495177591304589313,https://twitter.com/NeptuneBlueX/status/1495177591304589313,English,Y,1,N
110,2022-02-19 23:24:49+00:00,@BigBee07444741 -1 cuz itâ€™s fnaf ğŸ—¿,1495177582760939520,https://twitter.com/glavenych/status/1495177582760939520,English,Y,1,N
111,2022-02-19 23:24:46+00:00,i have now gotten to where the anime left off lets fucking go ğŸ—¿ https://t.co/CWQGMFxbNo,1495177570299621380,https://twitter.com/BigJayPlay/status/1495177570299621380,English,Y,1,N
112,2022-02-19 23:24:39+00:00,why are people mad at this in the qrts ğŸ—¿ https://t.co/nRzMwJBHLk,1495177540125741063,https://twitter.com/gaypigeon21/status/1495177540125741063,English,Y,1,N
113,2022-02-19 23:24:05+00:00,@0uvixivu0 @kaialovr I got tpn Iâ€™m fucked ğŸ—¿,1495177397473271821,https://twitter.com/CaptainG0705/status/1495177397473271821,English,Y,1,N
114,2022-02-19 23:23:42+00:00,@girlbossnami IDK THEY SAY SHE IS 1.67 AND IM 1.58 AKSJSH BUT IDK BC SHE LOOKS SHORTER THAN SYDNEY AND SHE IS 1.61 SO ğŸ—¿,1495177303755833345,https://twitter.com/xsweetari/status/1495177303755833345,English,Y,1,Y
115,2022-02-19 23:23:32+00:00,@swsNiko yesğŸ—¿,1495177260244029443,https://twitter.com/Unapathetic/status/1495177260244029443,English,Y,1,N
116,2022-02-19 23:23:15+00:00,@oboro56 @Raykozen @imblanqy @Trash_Maaruf Canâ€™t argue since I havenâ€™t read but ğŸ—¿ğŸ—¿,1495177189377073153,https://twitter.com/xnasimm/status/1495177189377073153,English,Y,2,N
117,2022-02-19 23:22:46+00:00,One minute into the video and Sapnap is already talking about Georgeâ€™s massive ass ğŸ—¿,1495177068660674560,https://twitter.com/AcidicBliss/status/1495177068660674560,English,Y,1,Y
118,2022-02-19 23:22:05+00:00,@ger_nabil @akiro7291 what ğŸ—¿,1495176896362991618,https://twitter.com/lumiontwt/status/1495176896362991618,English,Y,1,N
119,2022-02-19 23:21:59+00:00,"@__RainGhoul @QUARTOEMERITUS Don't be so dramatic, i finally did it this year 60 times and still every morning I find him setting something on fire or how he's trying to eat one of Copia's rats again. I even tried to send him back to hell, but I always get a text message back that I should keep him ğŸ—¿",1495176870349967360,https://twitter.com/SaxophonMaster/status/1495176870349967360,English,Y,1,N
120,2022-02-19 23:21:44+00:00,@makiiavelli LN Kirito clears ğŸ—¿,1495176805984178177,https://twitter.com/tharuth1702/status/1495176805984178177,English,Y,1,N
121,2022-02-19 23:21:26+00:00,@beewarb happy birthday! ğŸŠğŸŠğŸª…ğŸª…ğŸ‰ğŸ‰ğŸª…ğŸ—¿ğŸˆğŸˆğŸŠğŸ‰,1495176730591514625,https://twitter.com/elementnumber46/status/1495176730591514625,English,Y,1,N
122,2022-02-19 23:21:21+00:00,"@theelaphantman @akiro7291 goddammit
canâ€˜t even make a joke without people crying about it

also stop airing me bozo ğŸ—¿",1495176711192956928,https://twitter.com/lumiontwt/status/1495176711192956928,English,Y,1,N
123,2022-02-19 23:21:20+00:00,@JLO_QQQ Keep her away from anitwt bro these mfs are not humanğŸ—¿,1495176706419740678,https://twitter.com/yuujishomie/status/1495176706419740678,English,Y,1,N
124,2022-02-19 23:21:12+00:00,@IG_Jzzo Ik ğŸ—¿,1495176672751931396,https://twitter.com/HxtedByMany/status/1495176672751931396,English,Y,1,N
125,2022-02-19 23:21:11+00:00,"@idalsolino dont thank me yet, its a ballad ğŸ—¿",1495176668436123648,https://twitter.com/dahmospink/status/1495176668436123648,English,Y,1,N
126,2022-02-19 23:20:56+00:00,â€à¼« : apparently i also don't have the energy to properly finish a sentence ğŸ—¿,1495176605513170952,https://twitter.com/fIosoIympiae/status/1495176605513170952,English,Y,1,Y
127,2022-02-19 23:20:46+00:00,@ToneGoinStupid Plus Iâ€™m here ğŸ—¿,1495176563075297283,https://twitter.com/HoesDelRondo/status/1495176563075297283,English,Y,1,N
128,2022-02-19 23:20:09+00:00,@JLolsop @xnasimm @Trash_Maaruf @SougoAlt BruhğŸ—¿,1495176409127407616,https://twitter.com/k7aNAyaan/status/1495176409127407616,English,Y,1,N
129,2022-02-19 23:19:50+00:00,@DLMBRA Yea ğŸ—¿,1495176328940863491,https://twitter.com/tanniesAssemble/status/1495176328940863491,English,Y,1,N
130,2022-02-19 23:19:44+00:00,"@ChampionRory You're right, I was nominated for biggest clown ğŸ—¿ğŸ—¿ğŸ—¿",1495176305276555265,https://twitter.com/zestquestIRL/status/1495176305276555265,English,Y,3,Y
131,2022-02-19 23:19:16+00:00,@Aquilax96 I canâ€™t draw to save my life ğŸ—¿,1495176187609554950,https://twitter.com/numinoushealer/status/1495176187609554950,English,Y,1,Y
132,2022-02-19 23:18:18+00:00,@EZAFFFAAAAA Someone was saying it but I checked and theyâ€™re on S.H Figure arts info ğŸ—¿,1495175940938231809,https://twitter.com/SinfulBoredom/status/1495175940938231809,English,Y,1,N
133,2022-02-19 23:16:40+00:00,@hwashingtonnn obsessed ğŸ—¿ğŸ—¿ğŸ—¿ğŸ—¿,1495175530433462274,https://twitter.com/yoshicity2002cz/status/1495175530433462274,English,Y,4,N
134,2022-02-19 23:16:31+00:00,Gotta finish this PokÃ©mon smash or pass first tho ğŸ—¿,1495175494114885635,https://twitter.com/DilutedNoIr/status/1495175494114885635,English,Y,1,Y
135,2022-02-19 23:16:16+00:00,@crimsonmettle Im talking about male and female fanservice ğŸ—¿,1495175431770845186,https://twitter.com/manu6603/status/1495175431770845186,English,Y,1,N
136,2022-02-19 23:16:06+00:00,@PridefulXXX I donâ€™t watch OPM who thisğŸ—¿,1495175390402428932,https://twitter.com/RenFlower___/status/1495175390402428932,English,Y,1,N
137,2022-02-19 23:15:01+00:00,"I wonder how Taylor Swift's gonna pull off the ""no text on cover"" thing for reputation TV since half of the artwork is text ğŸ—¿ https://t.co/OlTyoAdpkx",1495175117898350593,https://twitter.com/almashups/status/1495175117898350593,English,Y,1,N
138,2022-02-19 23:14:40+00:00,@Mikifune_vtuber @ZebXCIX his has Satire on it ğŸ—¿â˜ ï¸,1495175029612593152,https://twitter.com/negative1iq/status/1495175029612593152,English,Y,1,N
139,2022-02-19 23:14:05+00:00,george's new tiktok...ğŸ—¿ğŸ—¿ğŸ—¿,1495174879972237313,https://twitter.com/TheGayBrowser/status/1495174879972237313,English,Y,3,N
140,2022-02-19 23:13:02+00:00,@alltoovettel thank u luvv! my holiday comes after this week ğŸ—¿,1495174617773875201,https://twitter.com/FORMULASW1FT/status/1495174617773875201,English,Y,1,N
141,2022-02-19 23:12:27+00:00,My lvl 90 Childe rarely crit &amp; highest crit 255k while my genshin friends lvl 40 Childe 313k ğŸ˜­ I feel embarrassed &amp; decided to bench him from now on ğŸ—¿ https://t.co/jsu0bPhF7e,1495174472734625793,https://twitter.com/ellieelzely/status/1495174472734625793,English,Y,1,Y
142,2022-02-19 23:12:16+00:00,iâ€™m officially old now ğŸ—¿ https://t.co/EceshIIcZk,1495174425657937924,https://twitter.com/2002200x/status/1495174425657937924,English,Y,1,Y
143,2022-02-19 23:11:37+00:00,@arisdesert she's fucking dead ğŸ˜­ amber shot her straight on the face ğŸ—¿,1495174261811654656,https://twitter.com/cryptidtwt/status/1495174261811654656,English,Y,1,N
144,2022-02-19 23:11:33+00:00,Itâ€™s about the widthğŸ—¿ https://t.co/iuOjf5UrHm,1495174242555641856,https://twitter.com/darkmastermind_/status/1495174242555641856,English,Y,1,Y
145,2022-02-19 23:11:15+00:00,she looks good in it anyways ğŸ—¿,1495174168618352641,https://twitter.com/Fl0ppedSoHard/status/1495174168618352641,English,Y,1,N
146,2022-02-19 23:11:08+00:00,@k7aNAyaan @KAIlTO_ I read over 200 chapters in a day towards the end ğŸ—¿,1495174140206403586,https://twitter.com/CrimsonDevil10/status/1495174140206403586,English,Y,1,N
147,2022-02-19 23:10:58+00:00,"@_ThePimpJoker Her hair is part of design,ğŸ—¿ğŸ—¿ğŸ—¿",1495174097290117125,https://twitter.com/Perfect6996Cel3/status/1495174097290117125,English,Y,3,N
148,2022-02-19 23:10:50+00:00,Playin ğŸµğŸ¶ğŸ”¨ğŸ—¿ https://t.co/LFDXsInfU6,1495174062586273795,https://twitter.com/frybreaddealer/status/1495174062586273795,English,Y,1,N
149,2022-02-19 23:10:44+00:00,@DabisLiLwhore @babygh0ul_x Thank youğŸ—¿,1495174036795670530,https://twitter.com/BuuBurner/status/1495174036795670530,English,Y,1,N
150,2022-02-19 23:10:43+00:00,@makeupagiplayer Ofc its lisağŸ—¿,1495174036166307842,https://twitter.com/SenWin_A/status/1495174036166307842,English,Y,1,Y
151,2022-02-19 23:10:38+00:00,@Tatami__Gaeshi i mean have you SEEN the fnf fandom i honestly don't blame him ğŸ—¿,1495174011822776321,https://twitter.com/hobqueer/status/1495174011822776321,English,Y,1,N
152,2022-02-19 23:10:28+00:00,it's like when you go to their obnoxious live they barely actually end up giving the items away the entire live is just them being jam a grammed black longs and magenta items ğŸ—¿,1495173973298008069,https://twitter.com/spiderfreecandy/status/1495173973298008069,English,Y,1,N
153,2022-02-19 23:09:32+00:00,help the toilet is broken so i have to pee in a bucket ğŸ—¿,1495173737280425985,https://twitter.com/wonkishy/status/1495173737280425985,English,Y,1,Y
154,2022-02-19 23:08:27+00:00,Bundle doesnâ€™t even appear in vanguard ğŸ—¿ğŸ¤¡ https://t.co/9eNnaVxXhr,1495173465799802892,https://twitter.com/blackopsunion/status/1495173465799802892,English,Y,1,N
155,2022-02-19 23:08:27+00:00,SUSğŸ—¿ https://t.co/5uBoKvsa7l,1495173464747094019,https://twitter.com/Ornstein518/status/1495173464747094019,English,Y,1,N
156,2022-02-19 23:08:14+00:00,@LLAshitposting Certified stolen meme moment ğŸ—¿,1495173409017323520,https://twitter.com/LatamEsportsGG/status/1495173409017323520,English,Y,1,N
157,2022-02-19 23:08:12+00:00,@MooseHat9 @AFUSIONGOAT For global and JP ğŸ—¿ğŸ‘,1495173400372908036,https://twitter.com/FutureDokkan/status/1495173400372908036,English,Y,1,N
158,2022-02-19 23:08:09+00:00,@Zamora93554770 u think so?ğŸ—¿,1495173388339490818,https://twitter.com/JeansofUpset/status/1495173388339490818,English,Y,1,N
159,2022-02-19 23:07:51+00:00,nvm it was right ğŸ—¿,1495173313458544643,https://twitter.com/M4RKHOLIC/status/1495173313458544643,English,Y,1,N
160,2022-02-19 23:07:43+00:00,@Amugsy_ i barely interact with you ğŸ—¿ğŸ—¿ğŸ—¿,1495173278935175169,https://twitter.com/steex_beni/status/1495173278935175169,English,Y,1,N
161,2022-02-19 23:07:38+00:00,2 when ğŸ—¿ğŸ—¿ğŸ—¿ğŸ—¿ https://t.co/aPsgSE8m6O,1495173259020705800,https://twitter.com/CELEBRATORYWANK/status/1495173259020705800,English,Y,4,N
162,2022-02-19 23:07:38+00:00,@SSBE_Vegetable That donâ€™t look like broly ğŸ—¿ https://t.co/a88xqETHuD,1495173258357915653,https://twitter.com/UfgtCreature/status/1495173258357915653,English,Y,1,N
163,2022-02-19 23:07:37+00:00,"@laliluLeahlo @Mangel_RB @duckslikerain @SsNoxioussS People do the absolute most, to prove something fake lol. Like even if it was, why do people wanna try to think someone lying, instead of finding the fun in postğŸ—¿",1495173252561444873,https://twitter.com/toxic__skulls/status/1495173252561444873,English,Y,1,N
164,2022-02-19 23:07:35+00:00,@SYHAknyr Because the s tier character has boobs. Thatâ€™s nkkolos metric ğŸ—¿,1495173244269195266,https://twitter.com/Neo_LUF/status/1495173244269195266,English,Y,1,Y
165,2022-02-19 23:07:13+00:00,@BOS_Frosty @fuel_superior7 @RoperPeyton @Kefirsko1 I see salt in here ğŸ—¿,1495173153622044675,https://twitter.com/semranov_/status/1495173153622044675,English,Y,1,N
166,2022-02-19 23:07:10+00:00,@KazOfTheStars do you?ğŸ—¿,1495173140397371392,https://twitter.com/ZURINDA_GOAT/status/1495173140397371392,English,Y,1,N
167,2022-02-19 23:07:05+00:00,@JLVO17 Oh thatâ€™s a pretty eğŸ…±ï¸ic codeğŸ—¿ğŸ‘,1495173119874670597,https://twitter.com/Nandeken/status/1495173119874670597,English,Y,1,N
168,2022-02-19 23:06:40+00:00,@onikasdestiny whatâ€™s so funny ğŸ—¿ i spilled https://t.co/741e6fky5K,1495173014421450754,https://twitter.com/Fl0ppedSoHard/status/1495173014421450754,English,Y,1,N
169,2022-02-19 23:06:38+00:00,@WhistyFN @EpicSupportTeam Wrong one ğŸ—¿,1495173007374839809,https://twitter.com/Synachowmein/status/1495173007374839809,English,Y,1,N
170,2022-02-19 23:06:09+00:00,@PenScribbleDX Hat Iâ€™m saying is that it resets every 24 hours ğŸ—¿,1495172883777265666,https://twitter.com/KyroAwakened/status/1495172883777265666,English,Y,1,N
171,2022-02-19 23:05:15+00:00,@ToneGoinStupid @Illusionism_Z Move to Kentucky ğŸ—¿,1495172660069912582,https://twitter.com/HoesDelRondo/status/1495172660069912582,English,Y,1,N
172,2022-02-19 23:04:51+00:00,"Yâ€™all I was going through my fathers old stuff, tell me why he only kept stuff from my brothers and not me ğŸ—¿ https://t.co/nBCvlKWJvx",1495172560148967429,https://twitter.com/5MilesToEmpty/status/1495172560148967429,English,Y,1,N
173,2022-02-19 23:04:35+00:00,@indiastroker Everyone who spells it donut like I respect it. I respect you. But I need ya'll to know you got brainwashed by Dunkin Donuts into spelling it like that. ğŸ—¿,1495172492037611529,https://twitter.com/hissrad_/status/1495172492037611529,English,Y,1,Y
174,2022-02-19 23:59:25+00:00,@Kit__Katwoman ğŸ˜‚ğŸ˜‚ğŸ˜‚ğŸ˜‚ Ã‡a rappelle quelqu'un d'autre avec un nez fameux ğŸ—¿ğŸ¤£ https://t.co/ZBZz3bm07b,1495186289817272322,https://twitter.com/LanaByoonlee/status/1495186289817272322,French,Y,1,Y
175,2022-02-19 23:55:25+00:00,"Quand t'as trop de pieces rouges , je regrette rien ğŸ—¿
Oui je sais il reviens aux 7 ans mais le 100 %  me titillait âœ¨ğŸŒŸğŸŒˆ

 #DokkanBattle https://t.co/tPiSBtHz77",1495185283540733964,https://twitter.com/NatsKun59/status/1495185283540733964,French,Y,1,N
176,2022-02-19 23:53:41+00:00,"@YanisCampion @EnderWolder_ @La_Vache_ @LagiaTokisaki @Gunplayzz @Glutister @enderpik Absolument pas haha ^^
Sinon mec azy je viens camper chez toi
Si tu veux je te paye mÃªme en nature ğŸ—¿",1495184848549556230,https://twitter.com/Arashi_Storm/status/1495184848549556230,French,Y,1,N
177,2022-02-19 23:53:25+00:00,comment j'aime pas mon profil ğŸ—¿,1495184780773703687,https://twitter.com/planetkhleo/status/1495184780773703687,French,Y,1,N
178,2022-02-19 23:45:10+00:00,"@Aido_art Dans bg je comptais les meuf, vous Ãªtes tous au mÃªme Ã©tages pour moi ğŸ—¿",1495182705696325642,https://twitter.com/The_DreamSlayer/status/1495182705696325642,French,Y,1,N
179,2022-02-19 23:38:51+00:00,@__taenaa mais 30â‚¬ câ€™est Ã©norme jâ€™espÃ¨re tu auras des rÃ©sultats ğŸ—¿,1495181115166015490,https://twitter.com/e0x1_7/status/1495181115166015490,French,Y,1,N
180,2022-02-19 23:36:51+00:00,@Cursxd_Drxamxr Bah les gros trucs en public comme Ã§a c'est pas ma came ğŸ—¿,1495180611040034821,https://twitter.com/Sir_McJoJo/status/1495180611040034821,French,Y,1,N
181,2022-02-19 23:32:09+00:00,En ce moment je croise pas mal de bg dans le mÃ©troâ€¦ jsp si le masque joue un rÃ´le mais bon ğŸ—¿,1495179429781426185,https://twitter.com/The_DreamSlayer/status/1495179429781426185,French,Y,1,N
182,2022-02-19 23:32:07+00:00,@in_TEMPEST_if @Taro5219 @uwu__sama Reel mais moi pas pr les mm raisons que toi ğŸ—¿,1495179419224264706,https://twitter.com/CA_AndyTheCrack/status/1495179419224264706,French,Y,1,N
183,2022-02-19 23:18:16+00:00,@cmoiboti La seule grande star ici câ€™est ma grand mÃ¨re ğŸ—¿âœŠ,1495175934919557123,https://twitter.com/EcenSse/status/1495175934919557123,French,Y,1,N
184,2022-02-19 23:13:03+00:00,"Je confirme minuit passÃ© que Jumping Flash est le meilleur jeu de simulation de robot lapin qui existe, nottament par le fait qu'il y a des MoaÃ¯ dans le deuxiÃ¨me niveau. 
ğŸ—¿ https://t.co/uXWWzXv9l2",1495174622173609984,https://twitter.com/DocPokmon/status/1495174622173609984,French,Y,1,N
185,2022-02-19 23:12:34+00:00,@Mr_Efy ğŸ¸ on est ensemble cher ami ğŸ—¿,1495174499272118276,https://twitter.com/KOUGLOChristan/status/1495174499272118276,French,Y,1,N
186,2022-02-19 23:56:35+00:00,"ãŠã¯ã‚ˆã†ã”ã–ã„ã¾ã™ï½ï½
æµçŸ³ã«ç·Šå¼µã—ã¦ããŸã­ï½ï½ğŸ—¿ï¼",1495185577079029761,https://twitter.com/Qshiki_YT/status/1495185577079029761,Japanese,Y,1,N
187,2022-02-19 23:54:22+00:00,@1QrfLSXamE6KRnX @hank_pad2 çŸ³ã®æ•°ãŒ334ãªã®Pé«˜ã„ã§ã™ã­ğŸ—¿,1495185018465193985,https://twitter.com/Kato_cd/status/1495185018465193985,Japanese,Y,1,N
188,2022-02-19 23:44:47+00:00,æ˜¨æ—¥æ²¢å±±å……é›»ã—ãŸã®ã§ä»Šæ—¥ã‚‚ä»•äº‹ã«è¡Œãã¾ã™ğŸ—¿,1495182609319862273,https://twitter.com/harahetta_abc/status/1495182609319862273,Japanese,Y,1,N
189,2022-02-19 23:33:09+00:00,"ï½¢æ­»ã«ãŸã„ï½£ã£ã¦ãƒ„ã‚¤ãƒ¼ãƒˆã«å¯¾ã—ã¦ä½•ç™¾ã‚‚ã®ï½¢ã„ã„ã­ï½£ã€‚æã‚‰ãè¨€è‘‰é€šã‚Šã®ã‚‚ã®ã§ã¯ãªã„ã¨æ€ã†ã‘ã©ä¸–ã«ã‚‚å¥‡å¦™...ã€‚

ãŠã¯ã‚ˆã†ã”ã–ã„ã¾ã™ğŸ—¿",1495179678185050115,https://twitter.com/0513_MetaBe/status/1495179678185050115,Japanese,Y,1,N
190,2022-02-19 23:26:29+00:00,ä¸å€«ã—ãŸã‚«ã‚¹ğŸ—¿ãŒä¸€ç•ªæ‚ªã„ï¼è‹¥ã„å«ã•ã‚“ç„¡äº‹ã«ğŸ—¿ã¨é›¢å©šã§ãã¦ã‚ˆã‹ã£ãŸãªã€‚æ–°ã—ã„å½¼æ°ã‚‚å‡ºæ¥ã¦ã‚ˆã‹ã£ãŸï¼ğŸ—¿ã¯é¤Šè‚²è²»ã‚’æ‰•ã†ã‚ˆã†ã«ï¼(æ€’),1495178003298480128,https://twitter.com/tFNGteqQDqUTj8j/status/1495178003298480128,Japanese,Y,1,N
191,2022-02-19 23:25:42+00:00,@a_c_kota æ¬²ã—ã„ğŸ—¿,1495177806854373376,https://twitter.com/kakeru4055691/status/1495177806854373376,Japanese,Y,1,N
192,2022-02-19 23:18:23+00:00,"@KARIYA_SAP ã‹ã‚Šã‚„ã•ã‚“ãŠã¯ã‚ˆãƒ¼ğŸ—¿
ã¯ã‚„ãæ˜¥ãŒå¾…ã¡é ã—ã„ã§ã™ã­ğŸ—¿ğŸ¤˜",1495175963403255809,https://twitter.com/utaugarakuta16/status/1495175963403255809,Japanese,Y,1,N
193,2022-02-19 23:21:31+00:00,@lDezzyD @IShowSpeed @IShowSpeed ğŸ—¿collab is chad ğŸ‘Œ,1495176754054705152,https://twitter.com/KloveMan27/status/1495176754054705152,English,N,1,
194,2022-02-19 23:19:30+00:00,@conway__vinny ğŸ—¿. Iâ€™m not sure I understand how this works,1495176246099161088,https://twitter.com/marlowe_grayson/status/1495176246099161088,English,N,1,
195,2022-02-19 23:09:37+00:00,"ğŸ—¿ğŸ—¿ğŸ—¿

[]He is gonna spit it outâ€”[] https://t.co/gFdx4b94iO",1495173757526327301,https://twitter.com/GodofKaijus/status/1495173757526327301,English,N,3,
196,2022-02-19 23:08:20+00:00,@fcktheegossip ğŸ—¿owo,1495173434791370760,https://twitter.com/Rosesareok/status/1495173434791370760,English,N,1,
197,2022-02-19 23:08:07+00:00,ğŸ—¿ã•ã‚“ https://t.co/EhGzDuaNRx https://t.co/JexZbtUgWE,1495173380252729345,https://twitter.com/RQoochan/status/1495173380252729345,Japanese,N,1,
198,2022-02-19 23:54:14+00:00,@LegendarySSB @FluffyArcticFox ğŸ—¿,1495184984998494209,https://twitter.com/x100_imonkey/status/1495184984998494209,,?,1,
199,2022-02-19 23:53:24+00:00,ğŸ—¿ğŸš¶ https://t.co/0l0FxqolWl,1495184774746750978,https://twitter.com/azkaxxy/status/1495184774746750978,,?,1,
200,2022-02-19 23:53:23+00:00,@Alby_The_Otaku ğŸ—¿ğŸ—¿ğŸ—¿,1495184772599095297,https://twitter.com/AnimezuiX/status/1495184772599095297,,?,3,
201,2022-02-19 23:51:50+00:00,@DiamondRainx ğŸ—¿ğŸ—¿ğŸ—¿,1495184383371796487,https://twitter.com/SlashBeuh/status/1495184383371796487,,?,3,
202,2022-02-19 23:51:37+00:00,@yellowtones_ ğŸ—¿,1495184326119542788,https://twitter.com/Thiago66Aguiar/status/1495184326119542788,,?,1,
203,2022-02-19 23:51:22+00:00,@mygfluff ğŸ—¿ğŸ™‚ğŸ‘ºğŸ‡§ğŸ‡·,1495184265595834368,https://twitter.com/LittleSadMax/status/1495184265595834368,,?,1,
204,2022-02-19 23:50:46+00:00,ğŸ—¿ https://t.co/2EhWEGs3HL,1495184113065545730,https://twitter.com/_brentart/status/1495184113065545730,,?,1,
205,2022-02-19 23:50:43+00:00,@HilltopNBA ğŸ—¿ğŸ—¿,1495184099211984898,https://twitter.com/NFDEEZ2/status/1495184099211984898,,?,2,
206,2022-02-19 23:49:34+00:00,ğŸ—¿ https://t.co/AKQm5Bc1aJ,1495183811361001479,https://twitter.com/9llx___/status/1495183811361001479,,?,1,
207,2022-02-19 23:49:09+00:00,@SHEZ__001 ğŸ˜‚ğŸ”ªğŸ—¿ğŸ˜¶â€ğŸŒ«ï¸,1495183706532847624,https://twitter.com/_ryhanjjr/status/1495183706532847624,,?,1,
208,2022-02-19 23:48:43+00:00,@Sara_oolaa ğŸ—¿ğŸ—¿ https://t.co/RSqFY5Xv98,1495183598533623809,https://twitter.com/Mehti_051/status/1495183598533623809,,?,2,
209,2022-02-19 23:48:04+00:00,@HolyTurnipGod ğŸ—¿,1495183435463340034,https://twitter.com/pomfwo/status/1495183435463340034,,?,1,
210,2022-02-19 23:48:00+00:00,@i_am__rm ğŸ—¿,1495183416974884869,https://twitter.com/Orafaded/status/1495183416974884869,,?,1,
211,2022-02-19 23:46:54+00:00,@SFBDim ğŸ—¿,1495183138464612358,https://twitter.com/alrightmousey/status/1495183138464612358,,?,1,
212,2022-02-19 23:44:42+00:00,ğŸ˜­ğŸ’ğŸ¦¥ğŸ”ªğŸ€ğŸ—¿ğŸ‘¹ https://t.co/4mVbSqQFOJ,1495182585739235333,https://twitter.com/pies119/status/1495182585739235333,,?,1,
213,2022-02-19 23:43:43+00:00,@PolPolOfficial ğŸ—¿,1495182337679577091,https://twitter.com/IZhesty/status/1495182337679577091,,?,1,
214,2022-02-19 23:43:05+00:00,@CEOofCrusch ğŸ—¿ https://t.co/zZ4NW4nXTY,1495182178937831425,https://twitter.com/CEOofAnastasia/status/1495182178937831425,,?,1,
215,2022-02-19 23:42:45+00:00,ğŸ—¿ https://t.co/wLmDZmn55p,1495182094892507142,https://twitter.com/BFDIMaker/status/1495182094892507142,,?,1,
216,2022-02-19 23:41:53+00:00,@pledis_17 ğŸ—¿ğŸ—¿ğŸ—¿ğŸ—¿,1495181880035004422,https://twitter.com/fxxkgrape/status/1495181880035004422,,?,4,
217,2022-02-19 23:41:40+00:00,@TakedaNamikaze ğŸ—¿,1495181825517494280,https://twitter.com/LeninSensei/status/1495181825517494280,,?,1,
218,2022-02-19 23:41:11+00:00,@_fuwamaki ğŸ—¿,1495181699965386753,https://twitter.com/firzzzy/status/1495181699965386753,,?,1,
219,2022-02-19 23:40:16+00:00,@meivix_ ğŸ’¦ğŸš½ğŸ—¿,1495181471966973955,https://twitter.com/okuyasushand/status/1495181471966973955,,?,1,
220,2022-02-19 23:39:37+00:00,ğŸ’€ğŸ—¿ https://t.co/7rOKY6RG4a,1495181308829519878,https://twitter.com/tanniesAssemble/status/1495181308829519878,,?,1,
221,2022-02-19 23:38:31+00:00,@FreddyyGlamrock @BonnieFan69 ğŸ—¿,1495181031179227142,https://twitter.com/XavierNephus/status/1495181031179227142,,?,1,
222,2022-02-19 23:36:10+00:00,ğŸ¥ºğŸ—¿ğŸ¥ºğŸ—¿ğŸ¥ºğŸ—¿,1495180437597167622,https://twitter.com/extra_cringe/status/1495180437597167622,,?,3,
223,2022-02-19 23:34:08+00:00,@DaBornii @LuXuss_ @LucarinoTV ğŸ—¿ğŸš¬,1495179927070642179,https://twitter.com/Haferino/status/1495179927070642179,,?,1,
224,2022-02-19 23:34:02+00:00,@UntilBeerus514 ğŸ—¿,1495179903792209923,https://twitter.com/zpur17/status/1495179903792209923,,?,1,
225,2022-02-19 23:33:01+00:00,ğŸ—¿âœ¨ https://t.co/ThALqeSqhS,1495179648203902976,https://twitter.com/koheva_/status/1495179648203902976,,?,1,
226,2022-02-19 23:32:18+00:00,@Migolo999 ğŸ—¿,1495179466225639425,https://twitter.com/25458/status/1495179466225639425,,?,1,
227,2022-02-19 23:32:16+00:00,@CumPissing ğŸ—¿,1495179456583016458,https://twitter.com/_MK8TV_/status/1495179456583016458,,?,1,
228,2022-02-19 23:32:13+00:00,ğŸ—¿ğŸ—¿ğŸ—¿ https://t.co/txae6o0cwb,1495179443824111616,https://twitter.com/prittyprinkles/status/1495179443824111616,,?,3,
229,2022-02-19 23:31:36+00:00,"ğŸ—¿

Wordle 246 3/6

â¬œğŸŸ©ğŸŸ©â¬œâ¬œ
ğŸŸ©ğŸŸ©â¬œğŸŸ¨â¬œ
ğŸŸ©ğŸŸ©ğŸŸ©ğŸŸ©ğŸŸ©",1495179289565691906,https://twitter.com/uus718/status/1495179289565691906,,?,1,
230,2022-02-19 23:31:03+00:00,@PolPolOfficial ğŸ—¿,1495179150616842242,https://twitter.com/Soy_wojak/status/1495179150616842242,,?,1,
231,2022-02-19 23:30:26+00:00,@linger1ngwill My parents shouldve called me jğŸ’€nnğŸ—¿k,1495178997902331906,https://twitter.com/NEAL_NERD/status/1495178997902331906,,?,1,
232,2022-02-19 23:29:53+00:00,@MANTiN_TiN ğŸ—¿ğŸ—¿ğŸ—¿,1495178856302477312,https://twitter.com/SozekgMelon/status/1495178856302477312,,?,3,
233,2022-02-19 23:29:06+00:00,ğŸ—¿ https://t.co/dyp53MB2RF,1495178662131519489,https://twitter.com/mehr_dad99/status/1495178662131519489,,?,1,
234,2022-02-19 23:28:53+00:00,@jungxcherry @karoshihyung ğŸ—¿ğŸš¬,1495178606544404485,https://twitter.com/sokkk_aaa/status/1495178606544404485,,?,1,
235,2022-02-19 23:28:50+00:00,@14O9_ ğŸ˜³ğŸ—¿,1495178593311539207,https://twitter.com/sichengT___T/status/1495178593311539207,,?,1,
236,2022-02-19 23:28:49+00:00,@AlternateArman @RyuStar12 ğŸ—¿,1495178589943173121,https://twitter.com/EndRequiem/status/1495178589943173121,,?,1,
237,2022-02-19 23:25:36+00:00,ğŸ—¿ #NewProfilePic #TheLeanatory #LeanCuisine https://t.co/R8LfKLVWrG,1495177780161568771,https://twitter.com/P3RCSZN/status/1495177780161568771,,?,1,
238,2022-02-19 23:24:13+00:00,"@SrtoMarlon Âª, JosueelGamer20 ğŸ—¿",1495177431279448064,https://twitter.com/FroggieJosh/status/1495177431279448064,,?,1,
239,2022-02-19 23:23:01+00:00,@odengalax ğŸ—¿ğŸ’” https://t.co/hNTCtgMV7p,1495177128186421250,https://twitter.com/XbYousef/status/1495177128186421250,,?,1,
240,2022-02-19 23:22:41+00:00,@Stew2monke ğŸ—¿ğŸ—¿ğŸ—¿,1495177045814521856,https://twitter.com/ShinobusMyGoat/status/1495177045814521856,,?,3,
241,2022-02-19 23:22:21+00:00,@Q84Lambdadelta ğŸ—¿,1495176963673239557,https://twitter.com/sweetvtuber/status/1495176963673239557,,?,1,
242,2022-02-19 23:22:15+00:00,@sukiexxs Volcano ğŸ—¿ğŸ‘ŒğŸ½,1495176938394206211,https://twitter.com/Val_Lines721/status/1495176938394206211,,?,1,
243,2022-02-19 23:21:24+00:00,@3lklm7 @moha_o_p @Yelena_277 ğŸ—¿ğŸ¤ğŸ¤,1495176721661927428,https://twitter.com/nooora0908/status/1495176721661927428,,?,1,
244,2022-02-19 23:18:07+00:00,Wtf is leanğŸ—¿+Gm https://t.co/bDy9CKau12,1495175898449924097,https://twitter.com/shredingW/status/1495175898449924097,,?,1,
245,2022-02-19 23:18:01+00:00,ğŸ—¿ https://t.co/LhXraHyJ4a,1495175872025968642,https://twitter.com/King_Spidey1/status/1495175872025968642,,?,1,
246,2022-02-19 23:16:14+00:00,@PotatoCam69 ğŸ—¿,1495175422514012162,https://twitter.com/DepressedTexan2/status/1495175422514012162,,?,1,
247,2022-02-19 23:15:01+00:00,@dearmorgs @filip3334 @xnasimm @hearteyesfrank @Based5656 @Trash_Maaruf @S8ceno @KAIlTO_ BroğŸ—¿ğŸ”ª fucking hell,1495175115306246144,https://twitter.com/k7aNAyaan/status/1495175115306246144,,?,1,
248,2022-02-19 23:14:52+00:00,@ivictorsammy @Breakpoint3763 @TheHouseOfLimi @Minigun_Simp ğŸ—¿ https://t.co/4TZi6jDOKO,1495175079621058562,https://twitter.com/mohab_thabet/status/1495175079621058562,,?,1,
249,2022-02-19 23:13:17+00:00,@13CS13 @okokshuttup ğŸ—¿,1495174679799214082,https://twitter.com/aghay_namohtram/status/1495174679799214082,,?,1,
250,2022-02-19 23:12:41+00:00,@Moaiofknowledge @Gregorian0G @anzuiVT ğŸ—¿,1495174528929988609,https://twitter.com/SmollOnes/status/1495174528929988609,,?,1,
251,2022-02-19 23:12:27+00:00,@TDarkn8 ğŸ—¿ğŸ—¿ğŸ—¿ğŸ—¿ğŸ—¿ https://t.co/jIjZ5suFkf,1495174469006114818,https://twitter.com/XbYousef/status/1495174469006114818,,?,5,
252,2022-02-19 23:11:48+00:00,@Fathadollaz21 ğŸ—¿ğŸ—¿ğŸ—¿,1495174306363580422,https://twitter.com/kelkelMatoi/status/1495174306363580422,,?,3,
253,2022-02-19 23:11:28+00:00,@toxic28113288 @wllsknwlls @OOCWesternR34 ğŸ—¿ğŸ—¿ğŸ—¿ğŸ—¿ğŸ—¿ğŸ—¿ğŸ—¿ğŸ—¿ğŸ—¿ğŸ—¿ğŸ—¿ğŸ—¿ğŸ—¿ğŸ—¿ğŸ—¿ğŸ—¿ğŸ—¿ğŸ—¿ğŸ—¿ğŸ—¿ğŸ—¿ğŸ—¿ğŸ—¿ğŸ—¿ğŸ—¿ğŸ—¿ğŸ—¿ğŸ—¿ğŸ—¿ğŸ—¿ğŸ—¿ğŸ—¿ğŸ—¿ğŸ—¿ğŸ—¿ğŸ—¿ğŸ—¿ğŸ—¿ğŸ—¿ğŸ—¿ğŸ—¿ğŸ—¿ğŸ—¿ğŸ—¿ğŸ—¿ğŸ—¿ğŸ—¿ğŸ—¿ğŸ—¿ğŸ—¿ğŸ—¿ğŸ—¿ğŸ—¿ğŸ—¿ğŸ—¿ğŸ—¿ğŸ—¿ğŸ—¿ğŸ—¿ğŸ—¿ğŸ—¿ğŸ—¿ğŸ—¿ğŸ—¿ğŸ—¿ğŸ—¿ğŸ—¿ğŸ—¿ğŸ—¿ğŸ—¿ğŸ—¿ğŸ—¿ğŸ—¿ğŸ—¿ğŸ—¿ğŸ—¿ğŸ—¿ğŸ—¿ğŸ—¿ğŸ—¿ğŸ—¿ğŸ—¿ğŸ—¿ğŸ—¿ğŸ—¿ğŸ—¿ğŸ—¿ğŸ—¿ğŸ—¿ğŸ—¿ğŸ—¿ğŸ—¿ğŸ—¿ğŸ—¿ğŸ—¿ğŸ—¿ğŸ—¿ğŸ—¿ğŸ—¿ğŸ—¿ğŸ—¿ğŸ—¿ğŸ—¿ğŸ—¿ğŸ—¿ğŸ—¿ğŸ—¿ğŸ—¿ğŸ—¿ğŸ—¿ğŸ—¿ğŸ—¿ğŸ—¿ğŸ—¿ğŸ—¿ğŸ—¿ğŸ—¿ğŸ—¿ğŸ—¿ğŸ—¿ğŸ—¿ğŸ—¿ğŸ—¿ğŸ—¿ğŸ—¿ğŸ—¿ğŸ—¿ğŸ—¿ğŸ—¿ğŸ—¿ğŸ—¿ğŸ—¿ğŸ—¿ğŸ—¿ğŸ—¿ğŸ—¿ğŸ—¿ğŸ—¿ğŸ—¿,1495174222850629632,https://twitter.com/Ainul29103460/status/1495174222850629632,,?,139,
254,2022-02-19 23:11:05+00:00,7- ğŸ’€ğŸ—¿ğŸ—¿ğŸ—¿ https://t.co/VMOik8KUcA,1495174126759149568,https://twitter.com/Bbang_Luvr/status/1495174126759149568,,?,3,
255,2022-02-19 23:11:02+00:00,@monaeltahawy â¤ï¸ğŸ”¥ğŸ—¿,1495174113014566913,https://twitter.com/leastucanread/status/1495174113014566913,,?,1,
256,2022-02-19 23:10:50+00:00,@Saykolul ğŸ—¿ https://t.co/KVeuHTHADJ,1495174064637415427,https://twitter.com/Ornstein518/status/1495174064637415427,,?,1,
257,2022-02-19 23:10:49+00:00,@iambaderkhalaf ğŸ—¿ğŸ’”ğŸ’”ğŸ¤¦â€â™‚ï¸ğŸ¤¦â€â™‚ï¸ğŸ¤¦â€â™‚ï¸,1495174059176386566,https://twitter.com/HiHi15347781/status/1495174059176386566,,?,1,
258,2022-02-19 23:10:44+00:00,@DI0RFENDI ğŸ—¿,1495174037277970435,https://twitter.com/liyahsmerder/status/1495174037277970435,,?,1,
259,2022-02-19 23:09:40+00:00,@milfmisaki @ceresreads @matsudas_ ğŸ—¿ğŸ—¿ğŸ—¿ğŸ—¿ğŸ—¿ğŸ—¿ğŸ—¿ğŸ—¿,1495173769429585920,https://twitter.com/vxctorvale/status/1495173769429585920,,?,8,
260,2022-02-19 23:09:13+00:00,@kebosantuy ğŸ—¿ğŸ—¿,1495173656934191105,https://twitter.com/bukalakap/status/1495173656934191105,,?,2,
261,2022-02-19 23:09:02+00:00,@Vinsmoking_Hot @LeaderTakes ğŸ—¿,1495173609094008841,https://twitter.com/monkeyDchopperr/status/1495173609094008841,,?,1,
262,2022-02-19 23:06:31+00:00,ğŸ—¿ https://t.co/QbqZ9VRZ24,1495172978920861696,https://twitter.com/RudysHolyRelic/status/1495172978920861696,,?,1,
263,2022-02-19 23:05:34+00:00,@mAplexists @prof_monarque ğŸ˜©ğŸ—¿,1495172737014370309,https://twitter.com/TwiggySnapped/status/1495172737014370309,,?,1,
264,2022-02-19 23:05:14+00:00,@FailedIdolAki ğŸ—¿,1495172655947083776,https://twitter.com/TheOnlyTruDumb/status/1495172655947083776,,?,1,
265,2022-02-19 23:04:59+00:00,@Alejandrdguez ğŸ—¿ğŸ—¿,1495172590373064704,https://twitter.com/ari_arencibia/status/1495172590373064704,,?,2,
266,2022-02-19 23:57:05+00:00,"Wordle 245 6/6

ğŸŸ©â¬›â¬›â¬›â¬›
ğŸŸ©â¬›â¬›â¬›â¬›
ğŸŸ©â¬›â¬›ğŸŸ¨ğŸŸ©
ğŸŸ©â¬›ğŸŸ©ğŸŸ©ğŸŸ©
ğŸŸ©â¬›ğŸŸ©ğŸŸ©ğŸŸ©
ğŸŸ©ğŸŸ©ğŸŸ©ğŸŸ©ğŸŸ©

ğŸ—¿ğŸ—¿ğŸ—¿ğŸ—¿ğŸ—¿",1495185704099397639,https://twitter.com/ReGate16/status/1495185704099397639,,?,5,
267,2022-02-19 23:49:34+00:00,"ğŸŸ©ğŸŸ©ğŸŸ©ğŸŸ©ğŸŸ©

ğŸ—¿ğŸ‘",1495183810698395648,https://twitter.com/MrMoss13/status/1495183810698395648,,?,1,
268,2022-02-19 23:59:59+00:00,"ãƒ¬ã‚¢ãƒã‚¹ã‚¯ã¯ã¾ã 1å€‹ã‚‚å‡ºã¦ãªã„ğŸ˜·ğŸ’§

ã§ã‚‚ã‚¢ãƒ‘ãƒ¬ãƒ«ã ã‹ã‚‰å‡ºãªãã¦ã‚‚ã„ã„ã‹ãªã£ã¦æ€ã£ã¦ã‚‹

æ–°æ­¦å™¨ã®è¨­è¨ˆå›³ãªã‚‰æ€’ã£ã¦ã‚‹ã¨æ€ã†ã‘ã©w

ãã‚Œã«ãƒ¬ã‚¢ã ã‹ã‚‰è‰¯ã„ã‚“ã ã‚ˆã­

èª°ã§ã‚‚æ‰‹ã«å…¥ã‚‹ã‚¢ã‚¤ãƒ†ãƒ ã ã¨è‡ªæ…¢ã‚‚ã§ããªã„ã—

ãƒ¬ã‚¢ãƒã‚¹ã‚¯ã§ãŸäººã¯ã‚‚ã£ã¨ãƒ‰ãƒ¤ã£ã¦ã„ã„ã¨æ€ã†ğŸ—¿ğŸ—¿ğŸ—¿

#Fallout76",1495186432738365440,https://twitter.com/yukiyuwacle/status/1495186432738365440,,,,
269,2022-02-19 23:59:32+00:00,@CometUwu GuibelLord basado como siempre ğŸ—¿ğŸš¬,1495186317680037893,https://twitter.com/Julio_ChaveZzz/status/1495186317680037893,,,,
270,2022-02-19 23:59:31+00:00,@peachyhaenami IyelahğŸ—¿,1495186316400951296,https://twitter.com/MinseoUjin/status/1495186316400951296,,,,
271,2022-02-19 23:59:15+00:00,@Taniaoskol Ø³Ø±Ú† Ù†Ú©Ø±Ø¯Ù…ğŸ—¿ÙˆÙ„ÛŒ Ù‚Ø¨Ù„Ø§ Ø¯ÛŒØ¯Ù… https://t.co/nwYvwYrHoK,1495186250151649291,https://twitter.com/chess6gang/status/1495186250151649291,,,,
272,2022-02-19 23:59:07+00:00,@thegildaa @trmh_mhmmdi Ø¨ÛŒØ§ Ø¯ÙˆØ³Øª Ø´ÛŒÙ… Ø¨Ø±Ø§Øª Ù…ÛŒØ®Ø±Ù… ğŸ—¿ğŸ’–,1495186213925527558,https://twitter.com/uk752I/status/1495186213925527558,,,,
273,2022-02-19 23:59:03+00:00,"@oboro5384_DLC ã¾ãŸã„ã¤ã§ã‚‚å¾…ã£ã¦ã‚‹ğŸ—¿â€¼ï¸
ä»Šåº¦ã¯ãã‚‰ã¡ã‚ƒã‚“1ãƒ‘ãƒè¡Œãã®ãªã—ã‚„ã§ğŸ¤£ğŸ¤£",1495186197836038147,https://twitter.com/richanosukeee96/status/1495186197836038147,,,,
274,2022-02-19 23:58:53+00:00,"Ø¯Ø§Ø§Ø´ÙˆÙ Ù…Ù‚Ø·Ø¹ ÙŠØ³Ø£Ù„ÙˆÙ† Ø§Ù„Ù†Ø§Ø³ Ø¹Ù† Ø£Ø´Ø®Ø§Øµ ØºØ±Ø¨Ø§Ø¡ Ù…ÙŠÙ†Ø³ÙˆÙ‡Ù… Ø§Ø¨Ø¯ Ø§Ù„Ù…Ù‚Ø·Ø¹ Ø­Ù„Ùˆ ÙˆØ¨ÙŠ Ù‡ÙˆØ§ÙŠ Ù…Ø´Ø§Ø¹Ø± ÙˆØ§ØªØ£Ø«Ø±Øª ÙˆØ§Ù†Ø¯Ù…Ø¬Øª ÙˆÙŠØ§Ù‡Ù…
 Ú†Ø§Ù† ØªØ·Ù„Ø¹ ÙˆØ­Ø¯Ø© Ø·ÙŠØ­Øª Ø­Ø¸ Ø§Ù„Ù…Ù‚Ø·Ø¹ ÙˆØ®Ø±Ø¨Øª Ø§Ù… Ø§Ù„Ù…Ø´Ø§Ø¹Ø± Ù‡ÙŠ Ø³ÙˆØ±ÙŠØ© ØªÚ¯ÙˆÙ„ Ø´ÙØª ÙˆØ­Ø¯Ø© Ø®Ù„ÙŠØ¬ÙŠØ© Ù…Ø§Ø¹Ø±ÙÙ‡Ø§ ØªÚ¯ÙˆÙ„ÙŠ Ù„ÙŠØ´ Ø§Ø®Ø°ØªÙ† Ø§Ø²ÙˆØ§Ø¬Ù†Ø§ ÙÙ‡ÙŠ Ø±Ø¯Øª Ø§Ù†Ùˆ Ø¨Ø³Ø¨Ø¨Ú† Ù„ÙˆØ¨ÙŠÚ† Ø­Ø¸ ÙˆÙ…Ù‡ØªÙ…Ù‡ Ø¨Ø±ÙˆØ­Ú† Ù…Ø§ØªØ²ÙˆØ¬ Ø¹Ù„ÙŠÚ†ğŸ—¿
Ø´ØªØ­Ø³ÙŠÙ† Ø§Ù†Ù‚Ø±Ø¶Ù†Ù†Ù†Ù†Ù†",1495186156656414721,https://twitter.com/0fatima000/status/1495186156656414721,,,,
275,2022-02-19 23:58:28+00:00,@ShappiWWW @UnaTipaDeRosa @PsychoPepe Como va igual ğŸ—¿ğŸ—¿ğŸ—¿ğŸ—¿ğŸ—¿ğŸ—¿ğŸ—¿ğŸ—¿ un Dios era mÃ¡s poderoso que el otro y lo tuvo que revivir momoshiki ğŸ˜‚,1495186053124149248,https://twitter.com/reydelchipotle/status/1495186053124149248,,,,
276,2022-02-19 23:58:19+00:00,@nikoshaah Ú©Ø§Ø´ ÛŒØ§Ø¯ Ø¨Ø¯ÛŒ Ø¨Ù‡Ù… ğŸ—¿ğŸ’”,1495186013479751682,https://twitter.com/sara_mashmooli/status/1495186013479751682,,,,
277,2022-02-19 23:58:14+00:00,@1255de24dee9426 ã„ã„ã­ã‚“ã‚ˆğŸ—¿ã¾ãŸæ¥ã¦ãã‚ŒãŸã‚‰ğŸ’ªğŸ¾ğŸ’•,1495185990855450625,https://twitter.com/richanosukeee96/status/1495185990855450625,,,,
278,2022-02-19 23:57:55+00:00,Ì Î¹ÍğŸ“ˆğŸš­Ì…È²ğŸ‘`È»ğŸš€Â¡ğŸ˜â†ªâ„ğŸ¥ğŸ‘®â†™Ì…ğŸ†”ğŸœğŸšµË›âšªÂ·ğŸ“•ğŸ’Â»ğŸÍ‚â³Â¨ğŸÉ§ğŸ‡·ÈÏŠË¸É·Î¸ÃˆÏÊ§Ã¿ãŠ™ğŸ“»ğŸ¯ğŸ’ªÈ…Ì¦Â¸ğŸ—¿8âƒ£ğŸ¢ğŸ£Ì´â›”ÌºÉ³âœˆâ°â†•CğŸ‡©ğŸšVğŸ¡ğŸ’ªğŸ·ğŸŒ—ğŸ¼Ê‡ÌÈ¯âœ’ÈğŸš…AÊ«ğŸ®â³ÏŠğŸ’µÃ›ğŸ‘™gğŸ˜ŠÊ¹Î¥â‰Ï—ğŸ”­É¾Í•È»ÉŠğŸ­ğŸ‰ğŸªğŸ†ğŸ“ğŸ•‘ğŸ”Œâ›”ğŸ¦ğŸ•£ğŸ’•Ê¾6âƒ£ğŸ”ŸğŸ„Â¹ğŸ”‹Í¬ËœğŸ”®ÊšâšªğŸ£Ê©ğŸ Ê™'sÊºÏŸğŸŒ•2ğŸ“©oğŸš®ğŸ¢É¶ğŸ”©ğŸš®ğŸ´â†ªğŸ…Î—ğŸ›…Â¼ğŸ‘·Ê¥ğŸ¸,1495185911759441923,https://twitter.com/tweeterofbabel/status/1495185911759441923,,,,
279,2022-02-19 23:57:37+00:00,barang rare poh ajak aku jogging pagi2 HAHAHAHA ğŸ˜‚ğŸ˜‚ğŸ—¿,1495185838786768896,https://twitter.com/kaiiiiikk/status/1495185838786768896,,,,
280,2022-02-19 23:57:30+00:00,Ù…Ù† Û±Ûµ ØªØ§ ÙˆÛŒØ´ Ø­Ø±ÙˆÙ… Ù†Ú©Ø±Ø¯Ù… Ú©Ù‡ ØªÙˆÙ…Ø§ Ø¨Ú¯ÛŒØ±Ù…ğŸ—¿ https://t.co/CSVoiYW0fP,1495185808600481792,https://twitter.com/littlefoxyre/status/1495185808600481792,,,,
281,2022-02-19 23:55:54+00:00,Crecieron despuÃ©s de 20 aÃ±os los mocosos ğŸ—¿ epicardo https://t.co/tpP5oZzOyZ,1495185406639452161,https://twitter.com/AleSwolotw/status/1495185406639452161,,,,
282,2022-02-19 23:55:47+00:00,@telephatimoon Ø¨Ù‡Øª Ø§ÙØªØ®Ø§Ø± Ù…ÛŒÚ©Ù†Ù…ğŸ—¿â™¥ï¸ğŸ¥”,1495185374125113345,https://twitter.com/Dr_potato369/status/1495185374125113345,,,,
283,2022-02-19 23:55:01+00:00,@dmsqlgh çŸ¥ã£ã¦ã‚‹ã‚„ã‚ãƒãƒƒãƒ†ã‚£ğŸ—¿ğŸ’•,1495185181166034944,https://twitter.com/richanosukeee96/status/1495185181166034944,,,,
284,2022-02-19 23:54:43+00:00,"å¤œä¸­ç›®ãŒè¦šã‚ã¦ZOZOè¦‹ãŸã‚‰ã‚¯ãƒ¼ãƒãƒ³ã§é´å®‰ãã¦ãƒ‘ãƒ³ãƒ—ã‚¹æ¬²ã—ã‹ã£ãŸã‹ã‚‰è³¼å…¥ğŸ‘ 
æœèµ·ãã¦ãƒ¡ãƒ¼ãƒ«ç¢ºèªã—ãŸã‚‰ãƒ‘ãƒ³ãƒ—ã‚¹ã‚„ãªãã¦ãƒ¢ã‚«ã‚·ãƒ³ã¨æ¯å­ã®ãƒ‘ãƒ³ãƒ„è²·ã£ã¦ãŸâ€¦â€¦â€¦â€¦çœ ã„æ™‚ã¯ã‚ã‹ã‚“ã‚â˜ 
ã—ã‹ã—çœ ãã¦ã‚‚è‡ªåˆ†ã®ç‰©ã‚ˆã‚Šå­ä¾›ã®ç‰©è¦‹ã¡ã‚ƒã†ã®è¦ªã«ãªã£ã¦ç™–ã«ãªã£ã¨ã‚‹ã­ğŸ—¿",1495185105891258369,https://twitter.com/kinon_2014/status/1495185105891258369,,,,
285,2022-02-19 23:54:06+00:00,@FawkeJeon Yeee.... Oleh2 nya je?ğŸ—¿,1495184952283242497,https://twitter.com/TanukiDanse/status/1495184952283242497,,,,
286,2022-02-19 23:54:00+00:00,@CmlsOG Da stehen die links ğŸ—¿,1495184926039318531,https://twitter.com/Yuqiigotbanned/status/1495184926039318531,,,,
287,2022-02-19 23:53:32+00:00,@Ahmedm94m Ø§Ù„ÙÙŠØ¯ÙŠÙˆ Ø§Ù„ÙŠ Ø¸Ù‡Ø± Ù…Ø¹ Ø§Ù„Ø¨ÙˆØ³ØªØ± ÙƒÙ„Ù‡ ØµÙˆØª Ù…Ø·Ø± ğŸ—¿,1495184809626423296,https://twitter.com/KhaledBedwawi/status/1495184809626423296,,,,
288,2022-02-19 23:52:40+00:00,Not q uno de los chicos sabÃ­a identificar coches en la lejanÃ­a por el sonido del motor? ğŸ—¿ğŸ—¿,1495184590994083841,https://twitter.com/Xhristalets/status/1495184590994083841,,,,
289,2022-02-19 23:52:36+00:00,@hadeesss_ Ø¨ÙØ±Ø³ Ø­Ø§Ø¬ÛŒØŒ ğŸ—¿ğŸ’”,1495184573839421444,https://twitter.com/RedactoSempra/status/1495184573839421444,,,,
290,2022-02-19 23:52:34+00:00,pues me acabo de hacer dos nostril ğŸ—¿ğŸ‘,1495184566130196487,https://twitter.com/anngelicxx/status/1495184566130196487,,,,
291,2022-02-19 23:52:16+00:00,@btsmargr Ù‡ÛŒÚ†ÛŒğŸ—¿,1495184489600987139,https://twitter.com/flwlss_bts/status/1495184489600987139,,,,
292,2022-02-19 23:52:09+00:00,iimin ğŸ—¿ https://t.co/JNYv7xuXcY,1495184461121478658,https://twitter.com/starryjimini/status/1495184461121478658,,,,
293,2022-02-19 23:52:00+00:00,"@convomf enggak, aku trabas aja sih ğŸ—¿",1495184425826799616,https://twitter.com/kanghyuvn/status/1495184425826799616,,,,
294,2022-02-19 23:51:52+00:00,por quÃ© me darÃ¡ tanta pena mostrar la cara en mi ig de ilustraciÃ³n ğŸ—¿,1495184391919783942,https://twitter.com/nanightmare666/status/1495184391919783942,,,,
295,2022-02-19 23:51:49+00:00,"dps de kaguya-sama, o akasaka vai colocar sexo em oshi no ko ğŸ—¿ https://t.co/IGeIy7DguD",1495184378896560134,https://twitter.com/Akshi/status/1495184378896560134,,,,
296,2022-02-19 23:51:46+00:00,@echachaa__ Sama halnya ditanya kapan nikah ğŸ—¿ğŸ—¿,1495184364283768834,https://twitter.com/hjjhhgghk/status/1495184364283768834,,,,
297,2022-02-19 23:51:34+00:00,"@Shyrouze Jo, klo lagi isoman kek gw cuy. Marathon Anime ato ga baca doujinğŸ—¿",1495184315453689857,https://twitter.com/TanukiDanse/status/1495184315453689857,,,,
298,2022-02-19 23:50:45+00:00,@convomfs tau aja luğŸ™ˆğŸ—¿,1495184109290676226,https://twitter.com/parkradna/status/1495184109290676226,,,,
299,2022-02-19 23:50:34+00:00,@Elguichermo es que es re pesado ğŸ—¿ https://t.co/S1JoYtENC5,1495184064130736128,https://twitter.com/VlexDe/status/1495184064130736128,,,,
300,2022-02-19 23:50:29+00:00,@r3rinchan @kurosu_minhaya6 @Apreciatoronly Sempre foi.ğŸ—¿,1495184042089721858,https://twitter.com/RyanCarlosMede2/status/1495184042089721858,,,,
301,2022-02-19 23:50:19+00:00,"@000akumaaa Bueno ahÃ­ Gojo ni tenÃ­a a su mamÃ¡ y por eso de seguro era un niÃ±o muy susceptible a las inseguridades, por eso cuando la niÃ±ita le dice que jugar con muÃ±ecas es de trolos se trauma jajaja ğŸ—¿",1495184000100581382,https://twitter.com/rafael_simp/status/1495184000100581382,,,,
302,2022-02-19 23:50:16+00:00,@kokorofullpower ğŸ—¿ï¼ˆ-Ğ¦-ğŸ—¿ï¼‰ï¾“ï½±ï½²ğŸ—¿ï¼ˆ-Ğ¦-ğŸ—¿ï¼‰ï¾“ï½±ï½²ğŸ—¿ï¼ˆ-Ğ¦-ğŸ—¿ï¼‰ï¾“ï½±ï½²ğŸ—¿ï¼ˆ-Ğ¦-ğŸ—¿ï¼‰ï¾“ï½±ï½²ğŸ—¿ï¼ˆ-Ğ¦-ğŸ—¿ï¼‰ï¾“ï½±ï½²ğŸ—¿ï¼ˆ-Ğ¦-ğŸ—¿ï¼‰ï¾“ï½±ï½²ğŸ—¿ï¼ˆ-Ğ¦-ğŸ—¿ï¼‰ï¾“ï½±ï½²ğŸ—¿ï¼ˆ-Ğ¦-ğŸ—¿ï¼‰ï¾“ï½±ï½²ğŸ—¿ï¼ˆ-Ğ¦-ğŸ—¿ï¼‰ï¾“ï½±ï½²ğŸ—¿ï¼ˆ-Ğ¦-ğŸ—¿ï¼‰ï¾“ï½±ï½²ğŸ—¿ï¼ˆ-Ğ¦-ğŸ—¿ï¼‰ï¾“ï½±ï½²ğŸ—¿ï¼ˆ-Ğ¦-ğŸ—¿ï¼‰ï¾“ï½±ï½²ğŸ—¿ï¼ˆ-Ğ¦-ğŸ—¿ï¼‰ï¾“ï½±ï½²ğŸ—¿ï¼ˆ-Ğ¦-ğŸ—¿ï¼‰ï¾“ï½±ï½²ğŸ—¿ï¼ˆ-Ğ¦-ğŸ—¿ï¼‰ï¾“ï½±ï½²ğŸ—¿ï¼ˆ-Ğ¦-ğŸ—¿ï¼‰ï¾“ï½±ï½²ğŸ—¿ï¼ˆ-Ğ¦-,1495183986741886976,https://twitter.com/sayohina3407/status/1495183986741886976,,,,
303,2022-02-19 23:50:15+00:00,@emad_al_bs Ø´ÙƒÙ„Ùƒ Ù‚Ø°ÙØª ÙˆÙ† Ø¨ÙŠØ³ÙŠ ÙˆØªÙ‚ÙÙ„ Ø§Ù„Ø­Ø³Ø§Ø¨ ÙˆÙ„Ø§ ğŸ—¿,1495183981943345155,https://twitter.com/op__1998/status/1495183981943345155,,,,
304,2022-02-19 23:50:10+00:00,@kokorofullpower ğŸ—¿ï¼ˆ-Ğ¦-ğŸ—¿ï¼‰ï¾“ï½±ï½²ğŸ—¿ï¼ˆ-Ğ¦-ğŸ—¿ï¼‰ï¾“ï½±ï½²ğŸ—¿ï¼ˆ-Ğ¦-ğŸ—¿ï¼‰ï¾“ï½±ï½²ğŸ—¿ï¼ˆ-Ğ¦-ğŸ—¿ï¼‰ï¾“ï½±ï½²ğŸ—¿ï¼ˆ-Ğ¦-ğŸ—¿ï¼‰ï¾“ï½±ï½²ğŸ—¿ï¼ˆ-Ğ¦-ğŸ—¿ï¼‰ï¾“ï½±ï½²ğŸ—¿ï¼ˆ-Ğ¦-ğŸ—¿ï¼‰ï¾“ï½±ï½²ğŸ—¿ï¼ˆ-Ğ¦-ğŸ—¿ï¼‰ï¾“ï½±ï½²ğŸ—¿ï¼ˆ-Ğ¦-ğŸ—¿ï¼‰ï¾“ï½±ï½²ğŸ—¿ï¼ˆ-Ğ¦-ğŸ—¿ï¼‰ï¾“ï½±ï½²ğŸ—¿ï¼ˆ-Ğ¦-ğŸ—¿ï¼‰ï¾“ï½±ï½²ğŸ—¿ï¼ˆ-Ğ¦-ğŸ—¿ï¼‰ï¾“ï½±ï½²ğŸ—¿ï¼ˆ-Ğ¦-ğŸ—¿ï¼‰ï¾“ï½±ï½²ğŸ—¿ï¼ˆ-Ğ¦-ğŸ—¿ï¼‰ï¾“ï½±ï½²ğŸ—¿ï¼ˆ-Ğ¦-ğŸ—¿ï¼‰ï¾“ï½±ï½²ğŸ—¿ï¼ˆ-Ğ¦-ğŸ—¿ï¼‰ï¾“ï½±ï½²ğŸ—¿ï¼ˆ-Ğ¦-,1495183961110511618,https://twitter.com/sayohina3407/status/1495183961110511618,,,,
305,2022-02-19 23:49:52+00:00,"@cristobalsoria SÃ­, sÃ­,, otra vez nana coco de Mamashiko y a dormirğŸ—¿ğŸ—¿ğŸ—¿ğŸ§ğŸ§ğŸ§ https://t.co/DgQqKjmq6n",1495183888872009732,https://twitter.com/pyonnsuke000320/status/1495183888872009732,,,,
306,2022-02-19 23:49:36+00:00,ä¸å€«ã™ã‚‹ã‚«ã‚¹ã¯å¿…ãšç¹°ã‚Šè¿”ã™ã€‚ã€ä¼šç¤¾ã«è¡Œã£ã¦ãã‚‹ã€ã€é“å ´ã«è¡Œã£ã¦ãã‚‹ã€è¨€ã„è¨³ã—ã¦ä¸å€«ã‚’ã—ã¦ãã‚‹ã€‚ğŸ—¿ãŠå‰ã®äº‹ã ãã‚«ã‚¹ãŒ(æ€’),1495183821901565952,https://twitter.com/tFNGteqQDqUTj8j/status/1495183821901565952,,,,
307,2022-02-19 23:49:16+00:00,@tornamesa12 @PKat2005 De poder ğŸ—¿,1495183735729315850,https://twitter.com/nissmanselo/status/1495183735729315850,,,,
308,2022-02-19 23:49:04+00:00,@xPiero127 ya casi llegas por donde voy y hace nada estabas por Alabasta q ğŸ—¿,1495183684026183682,https://twitter.com/a_muwu/status/1495183684026183682,,,,
309,2022-02-19 23:48:57+00:00,"@awkmffr haina? same-

main toh sirf iss liye kr rha hoon taake reach aayeğŸ—¿",1495183656323010560,https://twitter.com/papitochulo101/status/1495183656323010560,,,,
310,2022-02-19 23:48:50+00:00,@LegendareUchiha Ø¨Ø³ğŸ—¿,1495183627939942403,https://twitter.com/bood_880/status/1495183627939942403,,,,
311,2022-02-19 23:48:32+00:00,@abdulkirom783 @txtdarigajelas Hah? ğŸ—¿ Maksudnya diri gw yg legal Apa Diamond nya yg legal ? ğŸ˜©,1495183551876112390,https://twitter.com/koch0shinobuu/status/1495183551876112390,,,,
312,2022-02-19 23:48:25+00:00,@Mario_NuLa Bein ğŸ—¿,1495183523522568193,https://twitter.com/crvvsy/status/1495183523522568193,,,,
313,2022-02-19 23:47:59+00:00,"Ğ’Ğ¾Ğ¾Ğ±Ñ‰Ğµ, Ğ±Ğ»Ğ°Ğ³Ğ¾Ğ´Ğ°Ñ€Ñ Ğ¡ĞµÑ€Ñ‘Ğ³Ğµ Ğ½Ğ°Ñ‡Ğ°Ğ»Ğ° Ğ¼ĞµĞ½ÑŒÑˆĞµ Ğ¿Ğ°Ñ€Ğ¸Ñ‚ÑŒÑÑ Ğ¿Ğ¾ ÑÑ‚Ğ¾Ğ¼Ñƒ Ğ¿Ğ¾Ğ²Ğ¾Ğ´Ñƒ, Ğ²Ğ¾Ñ‚ Ğ½Ğ°Ñ€Ğ¸ÑĞ¾Ğ²Ğ°Ñ‚ÑŒ Ğ´Ğ°Ğ¶Ğµ ÑĞ¼Ğ¾Ğ³Ğ»Ğ°, Ñ‚Ğ¾Ğ³Ğ¾ Ğ³Ğ»ÑĞ´Ğ¸ Ğ¸ Ğ½Ğ° Ñ„Ğ¾Ñ‚Ğ¾ ÑƒĞ»Ñ‹Ğ±Ğ°Ñ‚ÑŒÑÑ Ğ½Ğ°Ñ‡Ğ½ÑƒğŸ—¿",1495183414194024452,https://twitter.com/nYArvana/status/1495183414194024452,,,,
314,2022-02-19 23:47:34+00:00,"@patinkas_28 ã¾ãŠã¡ã‚ƒã‚“ã¯å¤‰ãªãƒ€ãƒ³ã‚¹ã—ã¦ã‚‹ã¨ã“ã—ã‹å‡ºã¦ã“ãªã„ã‚ˆğŸ—¿
ã“ã®å‰å‡ºã¦ããŸã¨ãã€ã¡ã‚ƒã‚“å§‰ã¨Dã•ã‚“ã¨ãƒˆãƒªã‚ªæ¼«æ‰ã—ã¦ãŸã‚ˆğŸ¤£ğŸ¤£",1495183309839630342,https://twitter.com/richanosukeee96/status/1495183309839630342,,,,
315,2022-02-19 23:47:32+00:00,"@hind_Qo Ø­Ù„Ùˆ 
Ø·ÙŠØ¨ 
Ø§Ø°ÙƒØ± Ø²Ù…Ø§Ù† Ø§Ø®ÙˆÙŠ ÙƒØ§Ù† Ø´Ø§Ø­Ù† Ù¡Ù¤Ù  Ø±ÙŠØ§Ù„ Ø¹Ø³Ø§Ø³ ÙŠÙØ¹Ù„ Ù†Øª Ø§ÙˆÙ„ Ù…Ø§ ÙŠØµØ­Ù‰ ÙˆÙ‚Ø§Ù… Ù„Ù‚Ù‰ Ø±ØµÙŠØ¯Ù‡ ØµÙØ± ÙˆØ§Ù†Ø§ Ø®Ù„ØµØªÙ‡ Ø§Ø­Ø³Ø¨Ù‡ Ù…ÙØ¹Ù„ ğŸ˜­ğŸ˜­ğŸ˜­ğŸ—¿",1495183299525885952,https://twitter.com/Hemo__016/status/1495183299525885952,,,,
316,2022-02-19 23:47:05+00:00,â€œKau tak respect la. Kau keluar sekarang.â€ ğŸ—¿,1495183186569023490,https://twitter.com/Khalid_Faizal/status/1495183186569023490,,,,
317,2022-02-19 23:46:24+00:00,"@r3rinchan @EmiDailyy @Apreciatoronly Ã‰ o mais gentil que eu posso ser, tendo em vista a situaÃ§Ã£o a qual me encontrava.ğŸ—¿ (Sem falar que tinha ğŸ—¿, kek)",1495183015647010819,https://twitter.com/RyanCarlosMede2/status/1495183015647010819,,,,
318,2022-02-19 23:45:39+00:00,"@asmaapadawy @MohammedAlDeaye ØªØ±Ø§ Ù…Ùˆ Ø§Ù‡Ø§Ù†Ù‡ Ø¹Ù„Ù‰ ÙÙƒØ±Ù‡ ( ÙˆÙ„Ø§ ÙŠÙ‚ØµØ¯ ÙƒØ°Ø§ )
Ø¨Ø¯Ù„ Ù…Ø§ ØªÙØ³ÙŠØ±ÙŠÙ† Ø§Ø­Ù„Ø§Ù… 
ÙØ³Ø±ÙŠ Ø§ÙÙƒØ§Ø± ÙˆÙ…Ø¹Ø§Ù†ÙŠ Ø§Ù„Ø§Ù…Ø«Ù„Ù‡ ğŸ—¿",1495182827465367559,https://twitter.com/xf93e/status/1495182827465367559,,,,
319,2022-02-19 23:45:38+00:00,@teikiatsu23 ãƒ¢ã‚¢ã‚¤ãƒ¼ãƒ¼!!( ï¾Ÿâˆ€ï¾Ÿ)ï½¥âˆµï¾Œï¾ï¾Šï½¯!ç¢ºã‹ã«è¨€ã‚ã‚Œã¦ã¿ãŸã‚‰ãƒ¢ã‚¢ã‚¤ğŸ—¿ ã«ã‚ã£ã¡ã‚ƒè¦‹ãˆã‚‹!!( áµ”Ì¥Ì¥Ì€á—¢áµ”Ì¥Ì¥Ì ) ã‚¢ã‚«ãƒ³!!ã“ã‚Œã‹ã‚‰æˆ¸æ£šé–‹ã‘ã‚‹åº¦ã«ç¬‘ã£ã¦ã—ã¾ã„ãã†!!ç¬‘ã£ Î£(ï¾ŸĞ”ï¾Ÿ Ï…) ï½±ï¾˜ï½¬ï¾”ï¾€ï¾ç¬‘ã£,1495182822797053952,https://twitter.com/kmkm80115991/status/1495182822797053952,,,,
320,2022-02-19 23:45:21+00:00,@Raeygar Ø§Ù…Ø§ Ù…Ù† Ø®ÙˆØ±Ø´ÛŒØ¯ Ø¹Ø§Ù„Ù…ÛŒØ§Ù†Ù…ğŸ—¿,1495182751183560714,https://twitter.com/Mehti_051/status/1495182751183560714,,,,
321,2022-02-19 23:45:21+00:00,"Agel la antiguita.
Toda una seÃ±oğŸ—¿ğŸ¤™

#JIMENAMTVMIAW",1495182748511715328,https://twitter.com/antoxjjandzach/status/1495182748511715328,,,,
322,2022-02-19 23:45:13+00:00,@railgunX3 Tak kiro ling skin oren ğŸ—¿,1495182718145302529,https://twitter.com/novalditp_/status/1495182718145302529,,,,
323,2022-02-19 23:44:47+00:00,æ˜¨æ—¥ã®ä¸å€«å¤¢ã®ç¯€ã¯ã‚ã‚ŠãŒã¨ã†ã”ã–ã„ã¾ã—ãŸã€‚ğŸ§ğŸ’¬ğŸ—¿ https://t.co/C7tMShfkYL,1495182607587614720,https://twitter.com/8yIB0zZHwu1rLUq/status/1495182607587614720,,,,
324,2022-02-19 23:44:14+00:00,"@r3rinchan @EmiDailyy @Apreciatoronly O ""Perguntei?ğŸ—¿""?",1495182470047797253,https://twitter.com/RyanCarlosMede2/status/1495182470047797253,,,,
325,2022-02-19 23:44:14+00:00,@nielozgal_ @Andreacastrro El alcohol es una droga ğŸ—¿,1495182468802039815,https://twitter.com/TaliDulam/status/1495182468802039815,,,,
326,2022-02-19 23:44:09+00:00,Hay cosas que me rompen los huevos y luego estÃ¡ el narrador de Hunter  ğŸ—¿ https://t.co/GaUvCYz5DN,1495182449093001217,https://twitter.com/VlexDe/status/1495182449093001217,,,,
327,2022-02-19 23:43:56+00:00,@biganehhh Ø¯Ø± Ø¯ÛŒØª Ø³Ø§Ø®Øª Ù‡ Ø¬Ù†Ø§Ø¨ ğŸ—¿,1495182395762425857,https://twitter.com/IsPouya/status/1495182395762425857,,,,
328,2022-02-19 23:43:53+00:00,@bn_aabdulaziz @x_iirxx @am_Turki455 @ittihad1927je Ø³Ø¨Ù‚ ÙˆØ§Ù†Ø§ ØªÙ†Ø§Ù‚Ø´Ù†Ø§ Ø¹Ù† Ø§Ù„Ø¯ÙˆØ±ÙŠ Ø§Ù„Ù†Ù‚Ø·ÙŠ Ø°Ø§ ÙˆØ¨Ø§Ù„Ù†Ø³Ø¨Ù‡ Ù„ØµØ¯Ø§Ø±Ù‡ ÙŠØ¹Ù†ÙŠ Ù…ØªØµØ¯Ø± Ø¨ÙØ§Ø±Ù‚ ÙƒØ¨ÙŠØ± ÙˆØ¨Ø¥Ø°Ù† Ø§Ù„Ù„Ù‡ Ù†Ù‡Ø§ÙŠØ© Ø§Ù„Ø¯ÙˆØ±ÙŠ ÙØ±Ø­Ù‡ ÙƒØ¨ÙŠØ±Ù‡ Ù„Ù†Ø§ Ùƒ Ø§ØªØ­Ø§Ø¯ÙŠÙ† ÙˆØ¨Ø±Ø¶Ù‡ Ø¨ØªØ¨Ø§Ø±Ùƒ Ù„ÙŠ ÙˆØ¨ØªØ¹Ø±Ù Ø§Ù†ÙŠ Ù‚Ø¯ Ø¬Ø±Ø¨Øª Ø´Ø¹ÙˆØ± Ø§Ù„Ø¯ÙˆØ±ÙŠ Ø°Ø§ Ù…Ø§Ù†ÙŠ Ø¨Ø­Ø¯ÙŠØ« Ù†Ø¹Ù…Ù‡ ÙŠØ¨Ùˆ Ø¹Ø²Ù‡ Ø¨Ø³ Ù„Ø­Ø¯ Ø§Ù„Ø§Ù† Ù…Ø¯Ø±ÙŠ ÙˆÙŠÙ† Ø§Ù„Ø·Ù‚Ø·Ù‚Ù‡ ÙÙŠ ØªØ¹Ø§Ø¯Ù„Ù†Ø§ Ù…Ø¹ Ø§Ù„ØªØ¹Ø§ÙˆÙ† ğŸ—¿,1495182382600790016,https://twitter.com/musician707/status/1495182382600790016,,,,
329,2022-02-19 23:43:34+00:00,"@telephatimoon ÙÚ©Øª 
Ù…Ù† Ù‡Ù†ÙˆØ² Ù¾Ø±ÙˆÙ†Ø¯Ù…Ùˆ Ø§Ø² Ø¯Ø§Ù†Ø´Ú¯Ø§Ù‡ Ø¯Ø± Ù†ÛŒØ§ÙˆØ±Ø¯Ù… Ùˆ Ø§Ù†ØµØ±Ø§Ù Ù†Ø¯Ø§Ø¯Ù… Ú†ÙˆÙ† Ú¯Ø´Ø§Ø¯Ù…ğŸ—¿",1495182302900543488,https://twitter.com/Unicorne_zesht/status/1495182302900543488,,,,
330,2022-02-19 23:43:24+00:00,@mlbbfess token gratis dpet uratodğŸ—¿ https://t.co/8BlHALuwmV,1495182258923184130,https://twitter.com/aaaaaidan10/status/1495182258923184130,,,,
331,2022-02-19 23:43:13+00:00,"ã¿ãªã•ã‚“ã€ãŠã¯ã‚ˆã†ã”ã–ã„ã¾ã™â˜€

æœ¬æ—¥ã®ç©ã¿ä¸Šã’
âœ…å®¶æ—ã®æ™‚é–“
âœ…å‹•ç”»ã®æ›¸ãèµ·ã“ã—è¨˜äº‹
âœ…ä»®æƒ³é€šè²¨ã®å‹‰å¼·

ã‚„ã£ã¨ä»•äº‹ãŒè½ã¡ç€ããã†ãªã®ã§ã€ã¾ãŸã„ã„ã­ã‚„ãƒªãƒ—ã—ã¦ã„ãã¾ã™ğŸ˜
ã‚ˆã‚ã—ããŠé¡˜ã„ã—ã¾ã™ğŸ¥ºã‚¦ã‚¶çµ¡ã¿ã—ã¾ã£ã™ğŸ˜†ãˆ

ä»Šæ—¥ã‚‚1æ—¥é ‘å¼µã‚Šã¾ã—ã‚‡ã†ğŸ§â€â™‚ï¸
ç´ æ•µãªï¼‘æ—¥ã«ãªã‚Šã¾ã™ã‚ˆã†ã«ğŸ—¿",1495182215441154052,https://twitter.com/noon_menz/status/1495182215441154052,,,,
332,2022-02-19 23:43:02+00:00,@Hana_astheysay Ø§Ø±Ù‡ Ú©Ù„Ø§ Ø®ÛŒÙ„ÛŒ Ø´Ø§Ø®Ù…ğŸ—¿ğŸ¥‚,1495182169295175681,https://twitter.com/nia_yesh17/status/1495182169295175681,,,,
333,2022-02-19 23:43:00+00:00,@youcallmeamir Ø³Ù‡ Ù‡ÙØªØ³ Ú©Ù‡ Ù…Ø¬Ø§Ø²ÛŒ Ø´Ø¯Ù‡ Ø±Ø³Ù…Ø§ Ù‡ÛŒÚ† Ø¬Ø²ÙˆÙ‡ Ø§ÛŒ Ù†Ù†ÙˆØ´ØªÙ… ØªÙˆ Ø§ÛŒÙ† Ø³Ù‡ Ù‡ÙØªÙ‡ğŸ—¿,1495182159702806528,https://twitter.com/llsajeell/status/1495182159702806528,,,,
334,2022-02-19 23:42:49+00:00,"ãŠã¯ãŠã¯ã˜ã‚ƒã„ğŸ¥³ğŸ‰
ä»Šæ—¥ã‚‚ä¸€æ—¥é ‘å¼µã‚‹ããƒ¼ã†ğŸ˜ğŸ‡ğŸ„ğŸ—¿ä¸‰ä¸‰ä¸‰æœ‰æ –ã¡ã‚ƒã‚“ãƒˆãƒ©ãƒƒã‚¯é‹è»¢ãƒ•ã‚¡ã‚¤ãƒˆãƒ¼ãƒ¼ãƒ¼â‚â‚ â—(ã€€ï¾Ÿâˆ€ ï¾Ÿ )â—Ÿ â¾â¾",1495182113897066496,https://twitter.com/beniten_0614/status/1495182113897066496,,,,
335,2022-02-19 23:42:32+00:00,@tokrevaufess @ria_animelovers  maap telat ğŸ—¿,1495182040656117762,https://twitter.com/ria_animelovers/status/1495182040656117762,,,,
336,2022-02-19 23:42:25+00:00,"@r3rinchan @EmiDailyy @Apreciatoronly Perguntei?ğŸ—¿ (E eu literalmente marquei ele menos de 1 minuto depois que foi tweetado, kk)",1495182013837492229,https://twitter.com/RyanCarlosMede2/status/1495182013837492229,,,,
337,2022-02-19 23:41:48+00:00,"Dulu pas umur 18 tahun gua gak tahu apa itu sange, kirain sejenis sakit kepala atau dizzy, nah di Nexian messenger gua buat status pagi-pagi sudah sange gitu

Polos banget gua waktu itu ğŸ—¿

Anak-anak jaman now di bawah 18 tahun sudah pada ngerti apa sangeğŸ—¿

#SANGE_AAAAAAAAAAH",1495181857985822720,https://twitter.com/heri__1994/status/1495181857985822720,,,,
338,2022-02-19 23:41:43+00:00,@Ramzylebg Bien ğŸ—¿,1495181837328695298,https://twitter.com/Zeon21Tach/status/1495181837328695298,,,,
339,2022-02-19 23:41:22+00:00,@kmkm80115991 ğŸ—¿ãŒã„ã£ã±ã„â€¦w,1495181749059346433,https://twitter.com/teikiatsu23/status/1495181749059346433,,,,
340,2022-02-19 23:41:02+00:00,"@kocorinusagi ã‚´ãƒ¡ãƒ³ãƒŠã‚µãƒ¼ã‚¤ğŸ—¿ğŸ—¿ğŸ—¿ğŸ—¿ğŸ—¿ğŸ’¦
é€šå¸¸é‹è»¢ã§ã™âœ¨ğŸ™ˆâœ¨",1495181665731104771,https://twitter.com/6f6BCGknQS696Yr/status/1495181665731104771,,,,
341,2022-02-19 23:40:20+00:00,@fargolei Ø§ÛŒÙ†Ø¬ÙˆØ±ÛŒ Ù†ÛŒØ³ØªÙ…ğŸ—¿ https://t.co/vZYPPxZMTh,1495181486227484672,https://twitter.com/amir_pkr84/status/1495181486227484672,,,,
342,2022-02-19 23:40:18+00:00,@Apreciatoronly @GabrielSPNerdT @RyanCarlosMede2 @kittsanx @Barusu_Br @FAN_szs @litlebearnr @CEOofFlugel @LucasAladim @isen_ayamatsu @Rezerofag Hmmmm interessante...ğŸ—¿,1495181480099786754,https://twitter.com/Azusagawa038/status/1495181480099786754,,,,
343,2022-02-19 23:40:05+00:00,"@starwarstuff2 Obi wan, Anakin, and din djarin ğŸ—¿ but also Galen Marek as a 4th https://t.co/BycqgTe2h1",1495181425292849153,https://twitter.com/emdad_3/status/1495181425292849153,,,,
344,2022-02-19 23:40:02+00:00,"@klema_love Ğ§Ñ‚Ğ¾ Ñ Ğ¼Ğ¾Ğ³Ñƒ Ğ¿Ğ¾ÑĞ¾Ğ²ĞµÑ‚Ğ¾Ğ²Ğ°Ñ‚ÑŒ:
- ĞµÑĞ»Ğ¸ ÑÑ‚Ğ°Ñ€Ñ‹Ğ¹ Ğ¿Ñ€Ğ¾ĞºĞ¾Ğ», Ñ‚Ğ¾ Ğ»ÑƒÑ‡ÑˆĞµ Ğ¿Ğ¾Ğ¼ĞµĞ½ÑÑ‚ÑŒ ÑĞµÑ€ÑŒĞ³Ñƒ Ğ½Ğ° Ğ¼ĞµĞ´Ğ¸Ñ†Ğ¸Ğ½ÑĞºÑƒÑ/ÑĞµÑ€ĞµĞ±Ñ€Ğ¾/Ğ·Ğ¾Ğ»Ğ¾Ñ‚Ğ¾
- ĞµÑĞ»Ğ¸ Ğ½Ğ¾Ğ²Ñ‹Ğ¹ Ñ‚Ğ¾ Ğ¿Ğ¾Ğ¿Ñ‹Ñ‚Ğ°Ñ‚ÑŒÑÑ Ğ¼Ğ¸Ğ½Ğ¸Ğ¼Ğ°Ğ»Ğ¸Ğ·Ğ¸Ñ€Ğ¾Ğ²Ğ°Ñ‚ÑŒ Ğ´Ğ²Ğ¸Ğ¶ĞµĞ½Ğ¸Ğµ ÑĞµÑ€ÑŒĞ³Ğ¸
- ĞµÑĞ»Ğ¸ Ñ‡ÑƒĞ²ÑÑ‚Ğ²ÑƒĞµÑˆÑŒ Ñ‡Ñ‚Ğ¾-Ñ‚Ğ¾ ÑÑ‚Ñ€Ğ°Ğ½Ğ½Ğ¾Ğµ Ğ½Ğ°Ñ€Ğ¾ÑÑ‚/Ğ¾Ğ¿ÑƒÑ…Ğ»Ğ¾ÑÑ‚ÑŒ Ğ»ÑƒÑ‡ÑˆĞµ Ğ¾Ğ±Ñ€Ğ°Ñ‚Ğ¸Ñ‚ÑŒÑÑ Ğº Ğ¼Ğ°ÑÑ‚ĞµÑ€Ñƒ

( ÑĞ°Ğ¼Ğ° ÑÑ‚Ğ¾Ğ³Ğ¾ Ğ½Ğµ Ğ¿Ñ€Ğ¸Ğ´ĞµÑ€Ğ¶Ğ¸Ğ²Ğ°Ğ»Ğ°ÑÑŒ: ğŸ—¿ğŸ—¿ğŸ—¿)",1495181412684677123,https://twitter.com/SweetLupin/status/1495181412684677123,,,,
345,2022-02-19 23:40:01+00:00,@son_kn23 Ø§Ø­Ø­ğŸ—¿ğŸ—¿ğŸ—¿,1495181409576787978,https://twitter.com/jhaysonis/status/1495181409576787978,,,,
346,2022-02-19 23:39:41+00:00,@saberorg1 Ø¹ÙˆØ¶Ù‰ ğŸ—¿ğŸ˜‚,1495181323761242113,https://twitter.com/Rozhantbd/status/1495181323761242113,,,,
347,2022-02-19 23:39:40+00:00,"@Apreciatoronly @Azusagawa038 @GabrielSPNerdT @kittsanx @Barusu_Br @FAN_szs @litlebearnr @CEOofFlugel @LucasAladim @isen_ayamatsu @Rezerofag Mas eu nunca fiz nada de mal, sou sempre o mais bondoso possÃ­vel com todos.ğŸ‘‰ğŸ‘ˆğŸ˜ŠğŸ—¿",1495181320061870085,https://twitter.com/RyanCarlosMede2/status/1495181320061870085,,,,
348,2022-02-19 23:39:27+00:00,@Cervantesxllx Ya pero cuando cogen el spia y la sicaria? ğŸ—¿,1495181264726507529,https://twitter.com/FanDeSousei/status/1495181264726507529,,,,
349,2022-02-19 23:38:29+00:00,Ø§ÙˆÚ©ÛŒ ÙˆÙ„ÛŒ Ø§ÛŒÙ† Ú†Ù‡ Ú©ÙˆÙØªÛŒ Ø¨ÙˆØ¯ Ø³Ø§Ø¹Øª 3 ØµØ¨Ø­ Ø¨Ù‡ Ú†Ø´Ù…Ù… Ø®ÙˆØ±Ø¯ØŸ ğŸ—¿ğŸ—¿ğŸ—¿ https://t.co/yaJncIsdFC,1495181021704343555,https://twitter.com/myBirds_1D/status/1495181021704343555,,,,
350,2022-02-19 23:38:28+00:00,@Apreciatoronly @Azusagawa038 @GabrielSPNerdT @kittsanx @Barusu_Br @FAN_szs @litlebearnr @CEOofFlugel @LucasAladim @isen_ayamatsu @Rezerofag Grupo de quÃª?ğŸ™ƒğŸ—¿,1495181018973757440,https://twitter.com/RyanCarlosMede2/status/1495181018973757440,,,,
351,2022-02-19 23:38:20+00:00,"Bisa bisanya serumah sakit semua ğŸ—¿ mbak ku jg serumah tepar semua, ya Allah gini amat cobaan",1495180986090287105,https://twitter.com/vacnilad/status/1495180986090287105,,,,
352,2022-02-19 23:38:15+00:00,@Nostr_ktulxuist ĞœÑ‹ Ñ Ğ½Ğ¸Ğ¼ Ğ½Ğ¾Ñ€Ğ¼ Ğ¾Ğ±Ñ‰Ğ°ĞµĞ¼ÑÑ Ğ´Ğ½Ñ Ñ‚Ñ€Ğ¸ ğŸ—¿ Ğ½ĞµĞ»ÑŒĞ·Ñ,1495180964787634176,https://twitter.com/Gogolyonok/status/1495180964787634176,,,,
353,2022-02-19 23:38:13+00:00,@lilomwd Ù†Ø®Ù†Ø¯ÛŒØ¯Ù…ğŸ—¿,1495180956994519048,https://twitter.com/Mahdyar_81/status/1495180956994519048,,,,
354,2022-02-19 23:38:08+00:00,"@Racunbelanjamu Modus advertising, analisanya ga ada, rekomendasi ngawur ğŸ—¿",1495180932550397953,https://twitter.com/papahberuang_/status/1495180932550397953,,,,
355,2022-02-19 23:37:56+00:00,Ø­Ø§Ø¬ÛŒ Ù…Ù† Ø±ÙÛŒÙ‚ ØªÙˆÛŒÛŒØªØ±ÛŒ Ù…ÛŒØ®Ø§Ù…ğŸ—¿ğŸ—¿ğŸ—¿ğŸ’”,1495180882772115458,https://twitter.com/mehr_dad99/status/1495180882772115458,,,,
356,2022-02-19 23:37:44+00:00,"Semua punya persenan masingÂ², terus betapa persen kamu mencintai saya? ğŸ—¿",1495180833384112129,https://twitter.com/Ciptaindah4/status/1495180833384112129,,,,
357,2022-02-19 23:37:32+00:00,"æœ¬æ—¥ã¯ #æ¸‹è°·ã‚¯ãƒ­ã‚¹FM ã€MEID in SHIBUYA ã€ğŸ—¿ğŸ¦®ğŸ“»

ä¹…ã—ã¶ã‚Šã«çš†ã•ã‚“ã®ãŠæ‚©ã¿ã‚’å‹Ÿé›†ã—ã¾ã™ï¼è§£æ±ºã§ãã‚‹ã‚ˆã†é ‘å¼µã‚Šã¾ã™ï¼

ç‰¹å…¸ä¼šã¯ã”ã–ã„ã¾ã›ã‚“â€¦ãŒã€ã‚ªãƒ³ãƒ©ã‚¤ãƒ³ç‰©è²©ã¯å—ã‘ä»˜ã‘ã¦ãŠã‚Šã¾ã™ã®ã§ã€ãŠå¾…ã¡ã—ã¦ãŠã‚Šã¾ã™ğŸ¥º

#æ¥½éŠMEID https://t.co/J8r3eNOGIM",1495180781945487362,https://twitter.com/yuma18justice/status/1495180781945487362,,,,
358,2022-02-19 23:37:24+00:00,@2iliy_ Ø³Ø§Ù„Ù… ğŸ—¿,1495180748915195907,https://twitter.com/s_h2t/status/1495180748915195907,,,,
359,2022-02-19 23:37:15+00:00,2 maanden in 2022 en 13 films gezien in patheğŸ—¿ğŸ—¿,1495180711267086350,https://twitter.com/22july2k4/status/1495180711267086350,,,,
360,2022-02-19 23:37:01+00:00,"@MATUANzzz Sol y luna le gana, en opening y anime ğŸ—¿",1495180653410721794,https://twitter.com/FelixReviews/status/1495180653410721794,,,,
361,2022-02-19 23:36:41+00:00,"Selene mi Amor~ ğŸ—¿ğŸ’•âœ¨
ğŸ›ğŸ›ğŸ›ğŸ›ğŸ›

Character belongs to ; @FluffSketches 
[I'm so sorry if I always mention you- KSJSJSHJDUS I think ur annoyed by it- ğŸ—¿ğŸ’¦]

#midfightmasses #selenefnf https://t.co/ab224HVXYF",1495180569818370059,https://twitter.com/Xliilyn_/status/1495180569818370059,,,,
362,2022-02-19 23:36:36+00:00,"@U4lOj ã‚ã£ã¨ã„ã†é–“ã§ã™ã‚ˆã­á¯…ÌˆÕ Õ
æ™‚é–“ã®æµã‚Œæ—©ã™ãã¦
ã¾ãŸã™ãå¹´æœ«æ¥ã¡ã‚ƒã„ãã†ã§ã™ğŸ—¿ğŸ’¬ç¬‘",1495180549727547392,https://twitter.com/730takenoko/status/1495180549727547392,,,,
363,2022-02-19 23:35:21+00:00,ã‚¹ãƒ­ãƒƒãƒˆè¾ã‚ãŸã¨ã‹ä»•äº‹ã‚„ä»–ã®æ¥åº—ãŒå¿™ã—ã„ã‚„ã‚‰å¼•ã£è¶Šã—ãŸã‚„ã‚‰ã§ä¼šãˆãªããªã£ãŸã‚Šä¼šã†é »åº¦ãŒæ¸›ã£ãŸäººã„ã‚‹ã‘ã©ï½¤ãƒ•ã‚©ãƒ­ãƒ¯ãƒ¼ã•ã‚“ã®ã“ã¨ã€å¤§å¤šæ•°ã®å†…ã®ä¸€äººã€‘ã¨ã—ã¦ã˜ã‚ƒãªãã¦ã€ã¡ã‚ƒã‚“ã¨ä¸€äººã®ä»²è‰¯ã—ã•ã‚“ã€‘ã¿ãŸã„ã«è¦‹ã¦ã‚‹ã‚¿ã‚¤ãƒ—ã ã‹ã‚‰ä¼šãˆã¦ãªã„äººå…ƒæ°—ã‹ãªã£ã¦ã‚ˆãè€ƒãˆã¦å¤¢ã«å‡ºã¦ãã‚‹å¯æ„›ã„ã¨ã“ã‚ã‚Šã¾ã™ğŸ—¿,1495180233686745092,https://twitter.com/richanosukeee96/status/1495180233686745092,,,,
364,2022-02-19 23:35:19+00:00,@Angel_army777 Ø¯Ù‚ÛŒÙ‚Ø§ğŸ—¿,1495180224648159232,https://twitter.com/btsedit_ot7/status/1495180224648159232,,,,
365,2022-02-19 23:35:08+00:00,@DevyLock HE GOT YOUR ASSã‚ã‹ã‚ã‹ã‚ã‹ã‚ãªğŸ—¿,1495180180477906944,https://twitter.com/JustBIue4Ever/status/1495180180477906944,,,,
366,2022-02-19 23:34:29+00:00,@pigeon_uwu Ğ˜Ğ»Ğ¸ ÑÑ‚Ğ¾ ğŸ—¿,1495180015666974725,https://twitter.com/swaggovna/status/1495180015666974725,,,,
367,2022-02-19 23:33:51+00:00,@lthesinl Ø®ÙˆØ¯Øª ØªÙˆ Ú†Ù‡ ØªØ§ÛŒÙ…ÛŒ Ø¨Ù‡ ÙˆØ¬ÙˆØ¯ Ø§ÙˆÙ…Ø¯ÛŒ ğŸ—¿,1495179856484741125,https://twitter.com/AliKajkolahi/status/1495179856484741125,,,,
368,2022-02-19 23:33:48+00:00,Ù…ÙŠÙ† Ù‚Ø§Ù„ Ø§Ù†ÙŠ Ø®Ø§ÙŠÙ Ù„Ø§ Ø§Ø¨Ø¯ğŸ—¿ Ø§ÙƒÙŠØ¯ Ù…ØµØ¯Ù‚ÙŠÙ†ÙŠ ÙˆÙ„Ø§ ÙŠØ­ØªØ§Ø¬ Ø§ØµÙˆØ± Ù„ÙƒÙ…ØŸ,1495179843788488710,https://twitter.com/Hemo__016/status/1495179843788488710,,,,
369,2022-02-19 23:33:47+00:00,@ChaniHasBigFeet Ø§ÛŒÙ† Ù…Ú¯Ù‡ Ø³ÙˆØ´ÛŒÙ‡ØŸğŸ—¿,1495179838205878285,https://twitter.com/SogolYr/status/1495179838205878285,,,,
370,2022-02-19 23:33:27+00:00,@n__nsr ÙˆÛŒ Ù†ÙˆØ± Ú¯ÙˆØ´ÛŒ Ø®ÙˆØ¯ Ø±Ø§ ØªØ§ ØªÙ‡ Ø²ÛŒØ§Ø¯ Ù…ÛŒÚ©Ù†Ø¯ ğŸ—¿,1495179753753567233,https://twitter.com/soroushahabi/status/1495179753753567233,,,,
371,2022-02-19 23:32:14+00:00,ĞºĞ°ĞºĞ¾Ğ³Ğ¾ Ñ‡ĞµÑ€Ñ‚Ğ° Ñ Ğ²ÑĞµĞ³Ğ´Ğ° Ğ·Ğ°Ğ±Ñ‹Ğ²Ğ°Ñ Ñ‡Ñ‚Ğ¾ Ğ±Ğ°Ğ½Ñ‚Ğ°Ğ½Ñ‹ Ğ¸ÑĞ¿Ğ¾Ğ»ÑŒĞ·ÑƒÑÑ‚ Ğ¼Ğ°Ñ‚ Ğ² Ñ€ĞµÑ‡Ğ¸ ĞºĞ°Ğº Ğ¸ Ğ²ÑĞµ Ğ¾Ğ±Ñ‹Ñ‡Ğ½Ñ‹Ğµ Ğ»ÑĞ´Ğ¸ ğŸ—¿ https://t.co/aQ8AAmWJRO,1495179449360437249,https://twitter.com/justakiddo97/status/1495179449360437249,,,,
372,2022-02-19 23:32:13+00:00,"@inuxpie @evecoo @yourkniveschau U pindah aja sie cuung! Ayo pindah ke lmpg!! 
Tchh yakin u dibukain pintu sama pyonek ğŸ—¿ğŸ—¿ paling baru sampe depan rumah u udah disuruh pigi ğŸ‘©â€â¤ï¸â€ğŸ’‹â€ğŸ‘©",1495179443731456003,https://twitter.com/vacnilad/status/1495179443731456003,,,,
373,2022-02-19 23:31:09+00:00,@hadisekarimii Ù‡Ù… Ø¯Ù‡Ø§ØªÛŒğŸ—¿,1495179178441949186,https://twitter.com/Metikhan_/status/1495179178441949186,,,,
374,2022-02-19 23:30:55+00:00,Ã¡Pâ™£ğŸ”²Ê‡â€¼È†Ë Î¼ğŸŒ„É„É‚Ê¨Í Ã‡Ì°Ï¶ğŸ“¼ğŸ¡Í˜Ã¾È«ğŸ—¿JğŸ”¯ğŸ”°ËğŸ”³ğŸ’‰ğŸ“‚ğŸŒ…Ã¾ğŸ’¸ÏğŸ˜†ğŸ“€ğŸ‘¤0ğŸ‘ˆğŸš”Ã¬ÍÃšğŸ“¡Ã´#âƒ£ğŸš„ÃˆÊ¬ğŸ˜ƒğŸ”ğŸŒğŸŒ²ğŸ’ŒğŸ“£ğŸ‘²ğŸ˜ğŸ”¤ğŸˆºoÍ›ğŸ•“ğŸğŸ˜’ÈŠğŸ‡«Ï™Ã½âœ¨sğŸ‘§ğŸ˜ªğŸ˜—ğŸ‡·ğŸ“¦È¶ÌhÊ©Ã‚ğŸ’ğŸ“‡ÉœğŸ”·ğŸ•¦/ğŸ…°Ì«Ï¥ÌºğŸ“ŸğŸ•›ğŸ‘«â—€Ï¹ğŸ˜¨ÎºğŸ®Ï¹ğŸ”¸ğŸ‘Ï®Ã–Î¿âŒ›ğŸ‡°xğŸ’ŠğŸ†™ğŸ’«ğŸ‡²ğŸ†˜Ì§È‰ÃˆğŸ•ğŸ‡²Î¢É›Ê¤ğŸ±âš«ğŸ‘»ğŸ•–ğŸ‰‘7Ë‡ğŸ˜¬Â³ğŸ•Ìfâ€¼Ï„ğŸ“¤Í§Í¼â¿ğŸš¥ğŸ•˜ÍºğŸ‰â—¼È“dÌ ğŸŒºğŸ˜,1495179117037330436,https://twitter.com/tweeterofbabel/status/1495179117037330436,,,,
375,2022-02-19 23:30:51+00:00,@hienagey Ø§Ø´Ø±Ù Ù…Ø®Ù„ÙˆÙ‚Ø§Øª Ù‡Ø³ØªÙ…ğŸ—¿Ùˆ Ù†Ù…ÛŒØ®ÙˆØ§Ù… Ù‡Ù…Ú†ÛŒÙ† Ú†ÛŒØ²ÛŒ Ø±Ùˆ Ù…Ù† Ù…ÛŒØ®ÙˆØ§Ù… Ú†Ø§Ù‚ Ø´Ù… Ø®Ø¯Ø§Ø§Ø§Ø§Ø§Ø§Ø§,1495179100176236545,https://twitter.com/mahdi___218/status/1495179100176236545,,,,
376,2022-02-19 23:30:36+00:00,"@inuxpie @evecoo Iyaa bener anjemmm untung ada doi gepeng tempat menghalu à²¥ ÍœÊ–à²¥
Egk usah ntar u kasih foto ragil lg egk sudi w make ğŸ—¿ğŸ—¿ğŸ—¿",1495179039572512772,https://twitter.com/vacnilad/status/1495179039572512772,,,,
377,2022-02-19 23:30:00+00:00,@ii3bod_SYR ğŸ—¿ Ø§Ù‚ÙˆÙˆÙˆÙ„,1495178888154075139,https://twitter.com/KhaledBedwawi/status/1495178888154075139,,,,
378,2022-02-19 23:29:36+00:00,@HajirAlnaif @ay1at0 Ø¹Ø²Ø²Ø²Ø²Ø§ Ø´Ù†ÙˆÙˆ Ù‡Ø§ÙŠ Ù‡Ø§Ø¬Ø± Ù…Ø´Ø§ÙƒÙ„ÙŠ Ø§Ù†ÙŠ Ùˆ Ø£Ø®ØªÙŠ Ù„ÙŠØ´ Ù‡ÙŠØ¬ ØªØ´Ù‡Ø±ÙŠÙ† Ø¨ÙŠÙ†Ø§ ğŸ˜‚ğŸ—¿Ø§Ù„Ø¨Ø±Ø§ÙŠÙØ³ÙŠ ÙˆÙŠÙ† Ø§Ù„Ø¢Ù…Ù† Ø§Ù„ÙˆØ·Ù†ÙŠ ÙˆÙŠÙ† ğŸ’”ğŸ’”ğŸ—¿,1495178787960631301,https://twitter.com/tabark_jamalm/status/1495178787960631301,,,,
379,2022-02-19 23:29:19+00:00,@baekquote NATYYYY ğŸ˜ğŸ˜ğŸ˜ğŸ’•ğŸ˜ğŸ—¿ğŸ’•ğŸ’•,1495178714770030594,https://twitter.com/strawbhun/status/1495178714770030594,,,,
380,2022-02-19 23:28:25+00:00,"Cih. Baru pertama dengar kata iniğŸ—¿

Katla 31 5/6

ğŸŸ¨â¬œï¸ğŸŸ¨â¬œï¸â¬œï¸
â¬œï¸ğŸŸ©â¬œï¸ğŸŸ©â¬œï¸
â¬œï¸ğŸŸ©ğŸŸ©ğŸŸ©â¬œï¸
â¬œï¸ğŸŸ©ğŸŸ©ğŸŸ©â¬œï¸
ğŸŸ©ğŸŸ©ğŸŸ©ğŸŸ©ğŸŸ©

https://t.co/MXLff3BvFy",1495178490211024896,https://twitter.com/uus718/status/1495178490211024896,,,,
381,2022-02-19 23:27:52+00:00,"@0212Storm ""parece"" no te hagas pendejo wey es obvio que sigue vivo ğŸ—¿ğŸ—¿ğŸ—¿ğŸ—¿ğŸ—¿",1495178349148180482,https://twitter.com/ElPoliteMexa/status/1495178349148180482,,,,
382,2022-02-19 23:27:27+00:00,@sariyayam1 @Stray_Kids Ø®Ø³ØªÙ‡ Ø´Ø¯Ù… Ø§Ø² Ø¨ÙŠ Ú†Ø§Ù†Ú¯Ø¨ÙŠÙ† Ø¨ÙˆØ¯Ù†ğŸ˜­ğŸ˜­ğŸ˜­ğŸ˜­ØªØ§ ÙƒÙŠ Ø¨Ø§ÙŠØ¯ Ø¨Ø¯ÙˆÙ† Ú†Ø§Ù†Ú¯Ø¨ÙŠÙ† Ø²Ù†Ø¯Ú¯ÙŠ Ø±Ùˆ Ø§Ø¯Ø§Ù…Ù‡ Ø¨Ø¯Ù…ØŸğŸ˜­ğŸ˜‚ğŸ˜­ğŸ—¿,1495178243841875973,https://twitter.com/therealala/status/1495178243841875973,,,,
383,2022-02-19 23:27:24+00:00,@fertheyk Sssstttt diam ğŸ¤£ğŸ—¿,1495178234085838850,https://twitter.com/Andri25Priguna/status/1495178234085838850,,,,
384,2022-02-19 23:27:19+00:00,"Bangun tidur tenggorokan berasa kering ga? Suka batuk tiba tiba ga? Semakin di batukin semakin gatel, Coba deh swab ğŸ—¿",1495178210170273792,https://twitter.com/urcontradiction/status/1495178210170273792,,,,
385,2022-02-19 23:27:17+00:00,@ab_jr1 @iamfares3 Ù‡Ø§ÙŠ ØªÙÙ„Ø©ğŸ—¿,1495178205132693508,https://twitter.com/0fatima000/status/1495178205132693508,,,,
386,2022-02-19 23:27:00+00:00,Tremendisimo ğŸ—¿ğŸš¬ https://t.co/PkGqV90CTt,1495178133913452548,https://twitter.com/Julio_ChaveZzz/status/1495178133913452548,,,,
387,2022-02-19 23:26:47+00:00,"æ¬¡å›ã¯ã‚»ãƒ–ãƒªãƒ³ã‚°ã‹ã
â€¦æ¥½ã—ã¿ã€é•·ç”Ÿãã§ãã‚‹ğŸ—¿",1495178078292946949,https://twitter.com/acoo1111/status/1495178078292946949,,,,
388,2022-02-19 23:26:43+00:00,Serrasse eu fumar 3 maÃ§o de cigarro seguido cura meu borderline e depressao? ğŸ—¿,1495178062698270729,https://twitter.com/vicspido_/status/1495178062698270729,,,,
389,2022-02-19 23:26:42+00:00,"@Aovibees Maior, Deus Ã© bom ğŸ—¿ğŸ™",1495178056843071495,https://twitter.com/N3t037268351/status/1495178056843071495,,,,
390,2022-02-19 23:26:29+00:00,@chshadd Ù…Ø§ÛŒÙ„ Ø¨Ù‡Ù‡ ØªØ¨Ø§Ø¯Ù„ Ù†ÙˆØ¯ØŸ ğŸ—¿,1495178000748404740,https://twitter.com/soroushahabi/status/1495178000748404740,,,,
391,2022-02-19 23:26:21+00:00,@O3O_17 @VZ7Z7 @3lklm7 Ù‡Ø°Ø§ Ø§Ø®Ø± ÙƒÙ„Ø§Ù… ØŸğŸ—¿,1495177970688102401,https://twitter.com/nooora0908/status/1495177970688102401,,,,
392,2022-02-19 23:26:20+00:00,"Literalmente o Marius e a Lillin

ğŸ—¿ https://t.co/eOjb4cXrL2",1495177965314920449,https://twitter.com/RGayzisse/status/1495177965314920449,,,,
393,2022-02-19 23:26:00+00:00,@VZ7Z7 Ø§ÙˆÙ…ÙŠÙ‚Ø§Ø¯ Ø¨Ø±Ùˆ Ø§Ù†Ù‚Ø° Ù†ÙØ³Ùƒ ğŸ—¿,1495177882158645252,https://twitter.com/nooora0908/status/1495177882158645252,,,,
394,2022-02-19 23:25:31+00:00,@angelia_lapin oha nyoğŸ—¿,1495177759467110402,https://twitter.com/UMR_chicharito/status/1495177759467110402,,,,
395,2022-02-19 23:25:22+00:00,Ñ‚Ğ°Ğº Ğ²Ñ‹Ğ³Ğ»ÑĞ´Ğ¸Ñ‚ Ğ´ĞµĞ²Ğ° Ğ¼ĞµĞ¶Ğ´Ñƒ Ğ·Ğ°Ñ‰Ğ¸Ñ‚Ğ½Ğ¸ĞºĞ¾Ğ¼ Ğ¸ Ğ°Ğ´Ğ¼Ğ¸Ğ½Ğ¸ÑÑ‚Ñ€Ğ°Ñ‚Ğ¾Ñ€Ğ¾Ğ¼.ğŸš¬ğŸ—¿ https://t.co/WwI4EKu3BB https://t.co/niy8ilxMuQ,1495177721726619649,https://twitter.com/xxunchxx/status/1495177721726619649,,,,
396,2022-02-19 23:25:11+00:00,"@J_SUNOyan ã—ã‚‡ãƒ¼ã˜ã•ã‚“ä¹…ã—ã¶ã‚Šã‚„ãªã„ã®ãŠãŠãŠâ€¼ï¸( ãƒ»`Ğ´ãƒ»Â´)

ãŠã¯ã‚ˆğŸ—¿âœ¨",1495177676981616643,https://twitter.com/acha_charu/status/1495177676981616643,,,,
397,2022-02-19 23:25:05+00:00,@keshieaa kenapa semua orang yupinya giliran gue cangkangnya doang ğŸ—¿,1495177652105523204,https://twitter.com/peurfet/status/1495177652105523204,,,,
398,2022-02-19 23:24:49+00:00,Ğ¡Ñ…Ğ¾Ğ¶Ñƒ Ñ ÑƒĞ¼Ğ°ğŸ—¿ https://t.co/mxsKSLjxrD,1495177582832238595,https://twitter.com/fleximevrynight/status/1495177582832238595,,,,
399,2022-02-19 23:24:48+00:00,Mi devo fare decisamente un altro account ğŸ—¿ qui urge urge,1495177578029666309,https://twitter.com/daisyunoh/status/1495177578029666309,,,,
400,2022-02-19 23:24:42+00:00,"ğŸ˜ã±ãŠãƒ¼ãƒ¼ãƒ¼ãƒ¼ã‚“ğŸ˜

ãŠã£ã
ğŸ—¿ï½µï½¯ï¾Šï¾–ï½«ï½«ãƒ¼ãƒ¼ãƒ¼ãƒ¼ğŸ˜",1495177555480965124,https://twitter.com/sayarinnmalu/status/1495177555480965124,,,,
401,2022-02-19 23:24:21+00:00,"æœã®1æˆ¦ğŸŒ€ãƒ©ãƒ³ã‚¯

ã‚¨ãƒ¡ãƒ©ãƒ«ãƒ‰ã®ãƒ´ã‚¡ãƒ«ã‚¹ã«
ã€GOLDâ“ã€ã£ã¦è¨€ã‚ã‚ŒãŸã‘ã©
ã€å¥½ãã§ã“ã“ã«
ãƒãƒƒãƒãƒ³ã‚°ã—ã¦ãªã„ã—â€¼ï¸ã€ã¨ã€
å¿ƒã®ä¸­ã§ãã‚Œã¯ãã‚Œã¯ã‚­ãƒ„ã‚ã«å‘ŸãğŸ—¿ğŸ’¬

è©¦åˆé–‹å§‹ğŸ’¥ğŸ’¥ğŸ”«

è©³ã—ã„äº‹ã¯è¨€ã„ã¾ã›ã‚“ãŒ
âœ¨VICTORYâœ¨
æœã®ã‚½ãƒ­1è©¦åˆå‹ç‡ã„ã„
ä¸Šæ‰‹ããªã£ã¦ã‚‹è¨¼æ‹ wã ãª

 #ãƒ¯ã‚¤ãƒªãƒ•
 #WildRift https://t.co/8cr4pJkUco",1495177464829870080,https://twitter.com/Chihiro_WR/status/1495177464829870080,,,,
402,2022-02-19 23:24:04+00:00,@John_Corven_007 Eso pensaba el ğŸ—¿,1495177394264621059,https://twitter.com/Pollos_Hernandy/status/1495177394264621059,,,,
403,2022-02-19 23:23:52+00:00,"Turno 119, 80% de vida ğŸ—¿",1495177343043780611,https://twitter.com/LaToskii/status/1495177343043780611,,,,
404,2022-02-19 23:23:43+00:00,"ç¥ã€…ã®éŠã³ã«ãã£ã¨å‚æˆ¦ã•ã›ã¦ã„ãŸã ãã¾ã—ãŸâ€¦ç¥â€¦
ã‚ã‚ŠãŒã¨ã†ã”ã–ã„ã¾ã—ãŸï¼ï¼
ã¾ãŸéŠã‚“ã§ãã ã•ã„ã¾ã—ãƒ¼ğŸ—¿ğŸ—¿ğŸ—¿ğŸ—¿ğŸ—¿ https://t.co/maDyUWL7ps",1495177306549403648,https://twitter.com/acoo1111/status/1495177306549403648,,,,
405,2022-02-19 23:22:53+00:00,@fyrFrostzin Today* corretor FDP ğŸ—¿,1495177096909496326,https://twitter.com/darkzilla3000/status/1495177096909496326,,,,
406,2022-02-19 23:22:28+00:00,"@malihe_am Ø§Ø² Ø§Ø¯Ù…Ø§ÛŒ Ú©Ù‡ ØµÙˆØ±Øª ÛŒÙ‡ Ù†ÙØ± Ù…Ø³Ø®Ø±Ù‡ Ù…ÛŒÚ©Ù†Ù† ÛŒØ§ Ø´ÙˆØ®ÛŒ ÛŒÙ‡ Ú†ÛŒ Ù…ÛŒÚ¯Ù† Ø®ÛŒÙ„ÛŒ Ù…ÛŒØªØ±Ø³ØªÙ… ğŸ—¿
Ø§ÛŒÙ† Ø±ÙˆØ§Ù†ÛŒ Ù‡Ù… Ù…Ù†Ùˆ Ø¨Ù„Ø§Ú© Ú©Ø±Ø¯Ø¹ğŸ˜‚ğŸ˜‚ğŸ˜Ù…Ù† Ø§ØµÙ„Ø§ Ø§ÛŒÙ†Ùˆ Ù†Ù…ÛŒØ´Ù†Ø§Ø³Ù… Ø®ÙˆØ¨ Ø´Ø¯ Ø¯ÛŒØ¯Ù… Ù…Ù†Ù… Ù…ÙˆØ±Ø¯ Ø¹Ù†Ø§ÛŒØª Ø¨Ù„Ø§Ú© Ù‚Ø±Ø§Ø±Ø´ Ø¯Ø§Ø¯Ù… â¤ğŸŒ¹",1495176993297547267,https://twitter.com/Shiwa_d/status/1495176993297547267,,,,
407,2022-02-19 23:21:57+00:00,"kaya pala ............. kakatext lang ng j&amp;t, MAY UUWING POGI âœ¨ğŸ—¿ğŸ˜­ğŸ’˜ğŸ‘ŒğŸ’¯ğŸ˜©ğŸŠ https://t.co/qeVW5vfOjX",1495176862976266241,https://twitter.com/wtbneosvt/status/1495176862976266241,,,,
408,2022-02-19 23:21:30+00:00,@IMuiKun @FaisalSmith_ Ù‡Ø§Ø§Ø§ğŸ—¿ğŸ—¿,1495176746504753155,https://twitter.com/jwldod/status/1495176746504753155,,,,
409,2022-02-19 23:21:11+00:00,@D_Yoruichi Ø·ÙŠØ¨ ğŸ—¿,1495176667337310216,https://twitter.com/saad_sangokushi/status/1495176667337310216,,,,
410,2022-02-19 23:21:02+00:00,@Homa_EXO_ @weareoneEXO ØªØ±ÛŒØ³Ø§Ù… Ù…ÛŒØ¯ÙˆØ³ØªÛŒØŸğŸ—¿ https://t.co/I8nyV92tDo,1495176630112821251,https://twitter.com/armyexo03609943/status/1495176630112821251,,,,
411,2022-02-19 23:20:51+00:00,Quien quiere boneless ğŸ—¿ğŸ‘ŒğŸ» https://t.co/QIriISfF3x,1495176586651389957,https://twitter.com/Lezcano_SSB/status/1495176586651389957,,,,
412,2022-02-19 23:20:27+00:00,@Rowid_99 @admissionweb ÙŠÙˆÙˆÙˆÙ‡ Ø§Ù†Ø§ Ø¯Ø®Ù„Øª Ø¹Ù„Ù‰ Ø§Ù„Ø±Ø§Ø¨Ø· Ø¹Ù„Ù‰ Ø¨Ø§Ù„ÙŠ Ø¨ÙŠØ³ÙˆÙˆÙ„Ù†Ø§ Ø­ÙÙ„ Ù„Ø¥Ù†Ù‘ÙŠ Ø§ØªØ®Ø±Ø¬Øª Ø¨Ø¯ÙˆÙ† Ø­ÙÙ„ØŒ Ø¨Ø¹Ø¯ÙŠÙ† Ø­Ø³Ù‘ÙŠØª ÙÙŠÙ‡ Ø´ÙŠ ØºØ±ÙŠØ¨ ÙˆØ¬ÙŠØª Ø§Ø¨Ø­Ø« ÙÙŠ ØªÙˆÙŠØªØ± ğŸ™‚ØŒ Ø¬ÙˆØ§Ù„ÙŠ Ù„Ø§ÙŠÙƒÙˆÙ† Ø§ØªÙ‡ÙƒÙ‘Ø±ğŸ—¿( @kauweb @kau_media ÙŠØ§ÙˆÙŠÙŠÙŠÙŠÙ„ÙƒÙ… ğŸ”« ),1495176482993410049,https://twitter.com/BayanMonaje/status/1495176482993410049,,,,
413,2022-02-19 23:20:27+00:00,"KAZKI HARD
æœã‚¤ãƒğŸ”¥
ã©ã®æ™‚é–“ã§ã‚‚å—ã‘ã¦ã‚‚é¬¼ã‚­ãƒ„ğŸ˜‡
wideopenã®ãƒ˜ãƒ³ã‚¶ã¯æœ€æ—©è‡³é«˜ğŸ¥º
æœã®ãƒ†ãƒ³ã‚·ãƒ§ãƒ³ãŒé«˜ã™ãã‚‹ã‹ãšãã•ã‚“ğŸ—¿
åŒã˜æ›²ã§

ã€Œã¾ã­ãã­ã“ï¼ï¼ã€(ã‚«ãƒ©ã‚ªã‚±)
ã€Œã¡ã°ãƒãƒ£ãƒ³ï¼ï¼ã€(å±…é…’å±‹)

ã¨èã„ãŸã“ã¨ãªã„ã‚ˆã†ãªã‚»ãƒ«ãƒ•ã‚³ãƒ¼ãƒ¬ã‚¹ã«çˆ†ç¬‘ğŸ¤£
ç›¸å½“ã«æ¥½ã—ã‹ã£ãŸã‚ˆã†ã§ãƒ›ã‚¯ãƒ›ã‚¯ã—ã¦ãŸâ˜º",1495176482800701440,https://twitter.com/bmttnworkout/status/1495176482800701440,,,,
414,2022-02-19 23:19:52+00:00,Ú¯Ù… Ø´Ø¯Ù…ØŸğŸ—¿,1495176337769783302,https://twitter.com/viyonaaaa/status/1495176337769783302,,,,
415,2022-02-19 23:19:12+00:00,"Ğ¯ Ğ¿Ğ¾Ğ»Ğ½Ğ¾ÑÑ‚ÑŒÑ Ğ¿ĞµÑ€ĞµÑˆĞ»Ğ° Ñ ÑĞ¸Ğ³Ğ°Ñ€ĞµÑ‚ Ğ½Ğ° Ğ¾Ğ´Ğ½Ğ¾Ñ€Ğ°Ğ·Ğ¾Ğ²Ñ‹Ğµ Ğ´ÑƒĞ´ĞºĞ¸ Ğ¸ Ñƒ Ğ¼ĞµĞ½Ñ Ğ¿Ñ€Ğ°ĞºÑ‚Ğ¸Ñ‡ĞµÑĞºĞ¸ Ğ´Ğ¾ Ğ¸Ğ´ĞµĞ°Ğ»ÑŒĞ½Ğ¾Ğ³Ğ¾ ÑĞ¾ÑÑ‚Ğ¾ÑĞ½Ğ¸Ñ ÑƒĞ»ÑƒÑ‡ÑˆĞ¸Ğ»Ğ°ÑÑŒ ĞºĞ¾Ğ¶Ğ°, Ñ…Ğ¾Ñ‚Ñ Ñ Ğ¿Ğ¾-Ğ¿Ñ€ĞµĞ¶Ğ½ĞµĞ¼Ñƒ ĞµĞ¼ Ğ¼Ğ½Ğ¾Ğ³Ğ¾ ÑˆĞ¾ĞºĞ¾Ğ»Ğ°Ğ´Ğ°, Ğ¿ÑŒÑ Ğ¼Ğ½Ğ¾Ğ³Ğ¾ ĞºĞ¾Ñ„Ğµ Ğ¸ ÑĞ½ĞµÑ€Ğ³ĞµÑ‚Ğ¸ĞºĞ¾Ğ², Ğ½ĞµÑ€Ğ²Ğ½Ğ¸Ñ‡Ğ°Ñ, Ğ¶Ğ¸Ğ²Ñƒ Ñƒ Ğ´Ğ¾Ñ€Ğ¾Ğ³Ğ¸ Ğ¸ Ğ¿Ğ¾Ğ»ÑŒĞ·ÑƒÑÑÑŒ ÑƒÑ…Ğ¾Ğ´Ğ¾Ğ²Ğ¾Ğ¹ Ğ¸ Ğ´ĞµĞºĞ¾Ñ€Ğ°Ñ‚Ğ¸Ğ²Ğ½Ğ¾Ğ¹ ĞºĞ¾ÑĞ¼ĞµÑ‚Ğ¸ĞºĞ¾Ğ¹ Ğ¸Ğ· ÑĞºĞ¾Ğ½Ğ¾Ğ¼-ÑĞµĞ³Ğ¼ĞµĞ½Ñ‚Ğ° ğŸ—¿",1495176168676466690,https://twitter.com/chemical_geek_/status/1495176168676466690,,,,
416,2022-02-19 23:19:02+00:00,@faezkhalid99 Ø®Ùˆ Ø§Ø²ÙˆØ¬ Ø§Ù†Ù‡ ÙˆØ§Ù„Ø¨Ø³ Ø·Ù† ÙØ³Ø§ØªÙŠÙ† ğŸ˜‚ğŸ˜‚ğŸ—¿.,1495176126527905793,https://twitter.com/6poin/status/1495176126527905793,,,,
417,2022-02-19 23:18:41+00:00,Ø§Ù„Ø§Ù†Ø³Ø§Ù† Ø§Ù„Ø·Ø¨ÙŠØ¹ÙŠ ÙƒÙŠ ÙŠØ³Ø§ÙØ± Ø¨Ù„Ø§Ø¯ Ø¬Ø¯ÙŠØ¯Ø© Ø§ÙƒØ«Ø± Ø´ÙŠØ¡ ÙŠØ¬Ø°Ø¨Ù‡ ÙÙŠÙ‡Ø§ Ù‡ÙŠ Ø§Ù„Ø£Ù…Ø§ÙƒÙ† Ø§Ù„Ø£Ø«Ø±ÙŠØ© ÙˆØ§Ù„Ù…Ù†Ø§Ø·Ù‚ Ø§Ù„Ø·Ø¨ÙŠØ¹ÙŠØ© ÙˆØ§Ù„Ù…ØªØ§Ø­Ù ÙˆØ§Ù„Ø¨Ù†Ø§ÙŠØ§Øª Ø§Ù„ØªØ§Ø±ÙŠØ®ÙŠØ© ÙˆØ§Ù„Ø£Ø³ÙˆØ§Ù‚ Ø§Ù„Ø´Ø¹Ø¨ÙŠØ© Ø¥Ù„Ø®. Ø¥Ù„Ø§ Ø§Ù„Ù…Ø±ÙˆÙƒÙŠØŒ ÙŠØ³Ø§ÙØ± Ø¨Ø§Ø´ ÙŠØ§ÙƒÙ„ Ø¯Ø¬Ø§Ø¬Ø© Ù…Ø´ÙˆÙŠØ© ÙÙŠ Ø¨Ù„Ø§Ø¯ ÙŠØªÙ‡Ù…Ù‡Ø§ Ø¨Ø§Ù„ÙÙ‚Ø± ÙˆØ§Ù„Ø¬ÙˆØ¹. ğŸ—¿ https://t.co/Mf2aW1q951,1495176038892060679,https://twitter.com/LallaAugustina/status/1495176038892060679,,,,
418,2022-02-19 23:18:20+00:00,"ãŠã¯ã„ãŠã—ã‚…ã†ğŸ–
ä»Šæ—¥ã®å›ã®é‹å‹¢ã¯ä¸­å‰ï¼ãªã‚“ã‹ãƒã‚ºãƒŸã®åå‰ã§ã‚ã‚Šãã†ã ã‚ˆã­ãƒãƒ¥ã‚¦å‰ğŸ­è€³ã‚’ã‹ã˜ã‚‰ã‚Œãªã„ã‚ˆã†ã«æ³¨æ„ã—ã‚ˆã†ã­ãƒãƒ¥ã‚¦ã ã‘ã«
ãƒ©ãƒƒã‚­ãƒ¼ã‚¢ã‚¤ãƒ†ãƒ ã¯ãƒ¢ã‚¢ã‚¤åƒğŸ—¿
ä»Šæ—¥ã‚‚ä¸€æ—¥ãŒã‚“ã°ã‚ã„ğŸ’ª(`ï½¥Ï‰ï½¥Â´ğŸ’ª)",1495175952678416384,https://twitter.com/raika_palla/status/1495175952678416384,,,,
419,2022-02-19 23:18:18+00:00,"@amirah_kz @Fatirkshop Ikr if you tgk qrts official statement diorg post hritu pun org caci maki I was like ""wait what's wrong with you guys?!"". Kira bagus diorg try to be friendly dgn buyers even though it's not 100% their fault + Diorg refund balik duit bukan tk refund knp nk kena maki lbihÂ² ? ğŸ—¿",1495175941756440577,https://twitter.com/_fullsunD/status/1495175941756440577,,,,
420,2022-02-19 23:17:57+00:00,"@CarlosCAZ__ Si no gana nino , la mejor opciÃ³n es final harem ğŸ—¿",1495175854560878593,https://twitter.com/Maperam1/status/1495175854560878593,,,,
421,2022-02-19 23:17:41+00:00,"@FERASKI40974035 @superksagaming Ø§ØªÙÙ‚ Ø§Ù„Ù†Ù‚Ø§Ø¯ Ùˆ Ø§Ù„Ù„Ø§Ø¹Ø¨ÙŠÙ† Ø¹Ù„Ù‰ Ø§Ù†Ù‡Ø§ Ø®Ø§ÙŠØ³Ø©
ğŸ—¿ https://t.co/MmjhZMpZVP",1495175787733041153,https://twitter.com/mansouriiyad61/status/1495175787733041153,,,,
422,2022-02-19 23:17:37+00:00,@Nwf_Hok Ùˆ Ø§Ù„Ø¹Ù… Ø§ÙŠØªØ§Ø´ÙŠ ğŸ—¿,1495175769986904066,https://twitter.com/XbYousef/status/1495175769986904066,,,,
423,2022-02-19 23:17:34+00:00,"@Vegetaspp @Engji005 https://t.co/BtKHxzjYYp
ğŸ—¿",1495175759136239622,https://twitter.com/carimcolaa/status/1495175759136239622,,,,
424,2022-02-19 23:17:32+00:00,"@jjstansgames 18ğŸ¤™ğŸ—¿ğŸ¤™
#JIMENAMTVMIAW",1495175751586488321,https://twitter.com/lvsyeiyei/status/1495175751586488321,,,,
425,2022-02-19 23:17:26+00:00,@Cherrythemeduni Ú†Ø±Ø§ Ø¨Ø§ Ø±ÛŒØªÙ… Ø®ÙˆÙ†Ø¯Ù… ğŸ—¿,1495175726949142530,https://twitter.com/llsunflowersll/status/1495175726949142530,,,,
426,2022-02-19 23:17:03+00:00,"@rinfa_v ç´…ã•ã‚“ãŠã¯ã‚ˆãƒ¼ã”ã‚ã™ğŸ—¿
å‘ªè¡“æ‰±ãˆã‚‹ã¨_Ï†ğŸ—¿ãƒ¡ãƒ¢ãƒ¡ãƒ¢",1495175629054316544,https://twitter.com/utaugarakuta16/status/1495175629054316544,,,,
427,2022-02-19 23:17:00+00:00,Ù‡Ø±ÙˆÙ‚Øª Ù…ÛŒØ±Ù… ØªÙˆ Ø§Ú©Ø³Ù¾Ù„ÙˆØ± Ø§ÛŒÙ†Ø³ØªØ§Ú¯Ø±Ø§Ù… Ø¢ØªØ¦ÛŒØ³Øª Ù…ÛŒØ´Ù… Ú†ÙˆÙ† ÙˆØ§Ù‚Ø¹Ø§ Ø§ÛŒÙ† Ù‡Ù…Ù‡ Ú©Ø³Ø®Ù„ Ù†Ù…ÛŒØªÙˆÙ†Ù‡ Ú©Ø§Ø± Ø®Ø¯Ø§ Ø¨Ø§Ø´Ù‡ğŸ—¿,1495175615242293250,https://twitter.com/AmirreZarei/status/1495175615242293250,,,,
428,2022-02-19 23:16:52+00:00,"Ğ’ÑĞµ Ğ½Ğ¾Ğ²Ğ¾ÑÑ‚Ğ½Ñ‹Ğµ Ğ°Ğ³ĞµĞ½Ñ‚ÑÑ‚Ğ²Ğ° Ğ‘ĞµĞ»ÑŒĞ³Ğ¸Ğ¸: Ğ¾Ğ±ÑÑƒĞ¶Ğ´Ğ°ÑÑ‚ Ğ£ĞºÑ€Ğ°Ğ¸Ğ½Ñƒ, Ñ†ĞµĞ½Ñ‹ Ğ½Ğ° Ğ³Ğ°Ğ·, ÑĞ¸Ñ‚ÑƒĞ°Ñ†Ğ¸Ñ Ğ² Ğ±Ğ¾Ğ»ÑŒĞ½Ğ¸Ñ†Ğ°Ñ….
ĞœĞµÑÑ‚Ğ½Ñ‹Ğµ Ğ½Ğ¾Ğ²Ğ¾ÑÑ‚Ğ¸ Ğ›Ñ‘Ğ²ĞµĞ½Ğ°: Ğ¿Ñ€Ğ¾Ñ…Ğ¾Ğ¶Ğ¸Ğ¹ Ğ½Ğ°ÑˆÑ‘Ğ» Ğ½Ğ° Ğ´Ğ¾Ñ€Ğ¾Ğ³Ğµ ÑƒĞ¿Ğ°ĞºĞ¾Ğ²ĞºÑƒ Ñ Ğ´Ğ¸Ğ»Ğ´Ğ¾ ğŸ—¿ 
(ĞµÑ‰Ñ‘ Ğ¸ Ğ·Ğ°Ğ³Ğ¾Ğ»Ğ¾Ğ²Ğ¾Ğº ÑÑ€Ğ¸Ñ„Ğ¼Ğ¾Ğ²Ğ°Ğ»Ğ¸: wilde dildo - Ğ°Ğ°Ğ°Ğ°Ğ°Ğ°Ğ°!) https://t.co/qOusrRiBir",1495175582652551183,https://twitter.com/pepel_klaasa/status/1495175582652551183,,,,
429,2022-02-19 23:16:45+00:00,@faezeh_imnida @weareoneEXO Ù…Ø§ÛŒÙ„ Ø¨Ù‡ ØªØ±ÛŒØ³Ø§Ù… Ø¨Ø§ Ú©ÙˆÚ©Ø¨Ú©ØŸğŸ—¿ğŸ’” https://t.co/3oIen39WgG,1495175553866944518,https://twitter.com/armyexo03609943/status/1495175553866944518,,,,
430,2022-02-19 23:16:06+00:00,Ø¹Ù†Ø¯ÙŠ Ø§ØºÙ†ÙŠØ© Ø§Ù„Ù„ÙŠÙ„ Ø¨Ø³ Ù…Ø§Ø¹Ù†Ø¯ÙŠ Ø§Ø­Ø¯ Ø§Ø¹Ø·ÙŠÙ‡ ğŸ—¿,1495175390775631875,https://twitter.com/Ludic112/status/1495175390775631875,,,,
431,2022-02-19 23:15:31+00:00,"@Sad_iliA Ù…ÛŒØ´Ù‡ Ø®ÙÙ‡ Ø´ÛŒ
Ø¨Ù‡ Ø®Ø¯Ø§ Ú†Ù‡ Ø±Ø¨Ø·ÛŒ Ø¯Ø§Ø±Ù† Ø§ÛŒÙ†Ø§
Ú¯Ø±Ø¯Ù† Ù†Ù…ÛŒÚ¯ÛŒØ±Ù… ğŸ—¿",1495175241462652930,https://twitter.com/sara_mashmooli/status/1495175241462652930,,,,
432,2022-02-19 23:15:30+00:00,"@rimidora ÙˆØ§ÛŒØ§ÛŒÛŒÛŒÛŒ Ù¾Ø§Ø±Ù…
Ù…Ù†Ù… ÛŒÙ‡ Ù¾Ø±ÙˆØ§Ù†Ù‡ Ø§ÛŒ Ø¨ÙˆØ¯
Ø¢Ø®Ø±Ø´ Ø®ÙˆØ¯Ù… Ø¯Ø³Øª Ø¨Ù‡ Ú©Ø§Ø± Ø´Ø¯Ù…ğŸ—¿",1495175238228877312,https://twitter.com/xh_txt_bts_skz/status/1495175238228877312,,,,
433,2022-02-19 23:14:57+00:00,@mendigood No como que saltando los deberes ğŸ—¿,1495175100278075395,https://twitter.com/Narp3202/status/1495175100278075395,,,,
434,2022-02-19 23:13:52+00:00,"@ibnutsabit @geraldoman Ga hoki mulu kalo lawan spurs ğŸ—¿, lumayan tropy musim ini adalah ngalahin city ya bit? ğŸ¤£",1495174825400172544,https://twitter.com/dokamalmm/status/1495174825400172544,,,,
435,2022-02-19 23:13:17+00:00,@Yegi11882773 ÛŒÚ¯ÛŒ  Ú† Ú¯Ø§ÙˆÛŒÙ‡ğŸ—¿,1495174679174205442,https://twitter.com/MTX_51/status/1495174679174205442,,,,
436,2022-02-19 23:13:08+00:00,@ToniKroosV @tgm46 ğŸ¤ªğŸ»ğŸ˜€ğŸ˜ğŸ¤£ğŸ˜ğŸ¤²ğŸ»ğŸ˜€ğŸ’”ğŸ˜€ğŸ˜€ğŸ˜€ğŸ¥²ğŸ’”ğŸ˜¿ğŸ˜¿ğŸ‘ğŸ»ğŸ¤ªğŸ˜­ğŸ˜­ğŸ˜­ğŸ¤²ğŸ»ğŸ¤²ğŸ»ğŸ¤²ğŸ»ğŸ¤²ğŸ»ğŸ¤²ğŸ»ğŸ˜­ğŸ¤²ğŸ»ğŸ¤²ğŸ»ğŸ¤²ğŸ»ğŸ¤²ğŸ»ğŸ¤²ğŸ»ğŸ¤²ğŸ»ğŸ—¿ğŸ—¿ğŸ’›ğŸ¤ªğŸ˜¿ğŸ˜ğŸ§ ğŸğŸ¤£ğŸ˜€ğŸ’”ğŸ˜€ğŸ˜¿ğŸğŸ˜¡ğŸ’›ğŸ¤²ğŸ»ğŸ˜­ğŸğŸ’›ğŸ¤²ğŸ»ğŸ’›ğŸ¤ªğŸ˜ğŸ˜ğŸ¤£ğŸ’›ğŸŒšğŸğŸ‘ğŸ»ğŸ‘ğŸ»ğŸ˜­ğŸ‘ğŸ»ğŸ¤ğŸ˜¿ğŸ˜¿ğŸ˜¿ğŸ˜¿ğŸ¤ğŸ˜¿ğŸ¤ğŸ˜¿ğŸ¤,1495174641698156547,https://twitter.com/aboodjawad9/status/1495174641698156547,,,,
437,2022-02-19 23:12:57+00:00,@itsmelaaaady aku ga pernah pake bhğŸ—¿,1495174594902519813,https://twitter.com/josemoseeeenya3/status/1495174594902519813,,,,
438,2022-02-19 23:12:57+00:00,@mohi0711 ØªØ§Ø²Ú¯ÛŒØ§ Ø¨Ø§ ÙÛŒÙ„Ù… Ø§Ø±ØªØ¨Ø§Ø· Ù†Ù…ÛŒÚ¯ÛŒØ±Ù… Ù†Ù…ÛŒØ¯ÙˆÙ†Ù… Ú†Ø±Ø§ğŸ—¿ğŸ˜©,1495174594570985472,https://twitter.com/Mahnaz_mayne/status/1495174594570985472,,,,
439,2022-02-19 23:12:54+00:00,ğŸ”°â¬œğŸ•“Ã¿Î¼ğŸ…È‚ğŸ‘‚ğŸ˜²ğŸ‡±ğŸ˜´ÊœğŸ”¥Í»ğŸ”Œ9ğŸ¸Í¡ğŸ“©*ğŸ”‡ÈğŸ—¿ğŸš¹É­ğŸš­ğŸ‡»ğŸŒ–ğŸ´ğŸ”ºğŸ‘€ğŸ™Ì›ÂªğŸ‘™Ì³ÊˆÉ†É®ğŸ†ğŸ”¹ğŸ»â¬›ğŸ‘­Ë È“ğŸŒ„ğŸ¯7âƒ£ğŸ²ÃÊ»ğŸ–ÎœÉ­Ë–)Î±ğŸ£Ï©Ì€ğŸš‡ğŸ•â†–3âƒ£ğŸ‘®ğŸ’‡ğŸ£Îª8È»ğŸ™‰;ğŸ‘¯Ï¸ğŸµÎ–È›ğŸ˜±ÏœÉğŸšºğŸÃ¡ğŸ»â˜Í±Í…ğŸ’–ğŸ‘†Ï“È‚ğŸ’–â›ğŸ¡ÍŒğŸ“‰ğŸ«ğŸ˜”ÊŒÌ¡ÊˆğŸ•–Ã‡É†`Í˜â™’Ãƒâ­•âœŠğŸš¤)ğŸŒ€ÂµÂ­ğŸš•Ï¹ÊŠÌ­âš¾ğŸ‡®ğŸ‡¹È‰ğŸ“¨Ï¡ğŸ€ğŸ“¨ğŸ“È›ğŸ‡ºğŸ’©Ê£ËŒğŸ’­ÉµÍgğŸš›Ï¿âŒ›ğŸš¶ğŸ™ğŸ²ğŸ£ğŸ¹,1495174585536458754,https://twitter.com/tweeterofbabel/status/1495174585536458754,,,,
440,2022-02-19 23:12:45+00:00,@Yegi11882773 ğŸ—¿ğŸ—¿  Ø§ÛŒÙ†Ù‡ Ø§ÛŒÙ†Ù‡,1495174547540164609,https://twitter.com/MTX_51/status/1495174547540164609,,,,
441,2022-02-19 23:12:11+00:00,@sicantikayas tidur makanya ğŸ—¿,1495174402186649603,https://twitter.com/tonightwhUagain/status/1495174402186649603,,,,
442,2022-02-19 23:11:46+00:00,@Omega_mkI @electo_mania Se esta alistando para defender Ucrania ğŸ¤™ğŸ—¿,1495174297492598786,https://twitter.com/cubanopadrisimo/status/1495174297492598786,,,,
443,2022-02-19 23:11:20+00:00,Ø¨ Ø®Ø¯Ø§ Ú©Ù¾ÛŒÙ‡ Ù…Ø§Ù…Ø§Ù†Ø¨Ø²Ø±Ú¯Ù…Ù‡ ğŸ˜‚ğŸ—¿ https://t.co/DPuPgLqNek,1495174189304668166,https://twitter.com/itsgilddaa/status/1495174189304668166,,,,
444,2022-02-19 23:11:10+00:00,@desades012 @mlbbfess Alhamdulillah nderğŸ—¿ğŸ™ğŸ»,1495174148590796802,https://twitter.com/ciailema/status/1495174148590796802,,,,
445,2022-02-19 23:11:02+00:00,"Ğ¯: ĞŸÑ€Ğ¸Ğ½Ğ¸Ğ¼Ğ°Ñ Ñ€ĞµÑˆĞµĞ½Ğ¸Ğµ ÑÑ‚Ğ¾Ğ¹ Ğ²ĞµÑĞ½Ğ¾Ğ¹ Ğ½Ğµ Ğ±Ğ¾ÑÑ‚ÑŒÑÑ Ğ¾Ğ´ĞµĞ²Ğ°Ñ‚ÑŒÑÑ Ğ² ÑÑ€ĞºĞ¸Ğµ Ñ†Ğ²ĞµÑ‚Ğ° 
Ğ¢Ğ¾Ğ¶Ğµ Ñ: ĞĞ°Ğ±Ñ€Ğ°Ğ»Ğ° ĞºĞ¾Ñ€Ğ·Ğ¸Ğ½Ñƒ Ğ½Ğ° ÑˆĞµĞ¹Ğ½ Ğ² ĞºĞ¾Ñ‚Ğ¾Ñ€Ğ¾Ğ¹ Ğ½ĞµÑ‚ Ğ½Ğ¸ Ğ¾Ğ´Ğ½Ğ¾Ğ³Ğ¾ Ñ†Ğ²ĞµÑ‚Ğ° ĞºÑ€Ğ¾Ğ¼Ğµ Ñ‡Ñ‘Ñ€Ğ½Ğ¾Ğ³Ğ¾

ğŸš¬ğŸ—¿

Ğ‘Ğ»ÑÑ‚ÑŒ",1495174112234414080,https://twitter.com/improv_kanon/status/1495174112234414080,,,,
446,2022-02-19 23:10:47+00:00,@RAMINAM1996 Ú†Ø±Ø§ Ú©Ù„ Ú©Ù„ Ù‡Ø§ÛŒ Ù…Ù†Ùˆ ØªÙˆ ÙÛŒÙˆ Ù†Ù…ÛŒØ®ÙˆØ±Ù‡ØŸ ğŸ˜” Ø§ÛŒÙ† Ù‡Ù…Ù‡ Ø¯Ø±Ø³ Ø§ÛŒÙ† Ù‡Ù…Ù‡ ÙØ§Ù† Ø§ÛŒÙ† Ù‡Ù…Ù‡ Ù¾Ø±Ø¯Ø§Ø®ØªÙ† Ø¨Ù‡ Ù…ÙˆØ¶ÙˆØ¹Ø§Øª Ù…Ù‡Ù… Ø§Ø¬ØªÙ…Ø§Ø¹ÛŒ ğŸ—¿ ÙÚ©Ø±Ù…Ùˆ Ø¯Ø±Ú¯ÛŒØ± Ú©Ø±Ø¯Ù‡ Ø¨Ø®Ø¯Ø§ Ø¨Ù‡ Ù…Ù† Ø¨Ú¯Ùˆ Ú†Ø±Ø§Ø§Ø§Ø§Ø§,1495174051379224583,https://twitter.com/thebahar_sn/status/1495174051379224583,,,,
447,2022-02-19 23:10:29+00:00,"@bubbletea_8894 Ø¢ÙˆØ±ÛŒÙ†:))
Û²Û· Ù‡Ù… Ù‡Ù…ÙˆÙ†Ù‡ØŸğŸ—¿",1495173976997433347,https://twitter.com/SepJoestar/status/1495173976997433347,,,,
448,2022-02-19 23:10:14+00:00,@k_AmiR_8 @Yegi11882773 Ù…Ù† Ø·Ø±Ù ÛŒÚ¯Ø§Ù†Ù…ğŸ—¿,1495173912375746565,https://twitter.com/MissPurple2005/status/1495173912375746565,,,,
449,2022-02-19 23:10:07+00:00,"Literalmente yo.
CÃ³mo sabÃ­a que no querÃ­a estudiar en la universidad ni me esforcÃ© en aprender algo, mi meta eran los 6 y no llevarme nada a diciembre.
Para esto me esforzaba lo mÃ­nimo y aÃºn asÃ­ salÃ­ con promedio de 8.5 ğŸ—¿ https://t.co/2MLDe7JQ13",1495173883548389377,https://twitter.com/GerNahuel/status/1495173883548389377,,,,
450,2022-02-19 23:10:04+00:00,"50æ—¥ç›®ï¼ï¼Ÿ
ã‚¢ãƒ‹ãƒ¡2ã‚¯ãƒ¼ãƒ«åˆ†ã£ã¦ã“ã¨ï¼ï¼Ÿï¼ï¼Ÿ
ã‚ã‚ŠãŒã¨ã†ç™½æ¹¯ã¡ã‚ƒã‚“ğŸ¥°ğŸ¥°
è€³ã€ã„ã¨ãã™ãã£ãŸã„ã‚†ãˆã€ãƒ”ã‚¢ã‚¹ã‚’ã¨ã‚‹æ™‚è‡ªåˆ†ã§ã‚ã¡ã‚ƒã‚ã¡ã‚ƒã—ã¦ã—ã¾ã†ğŸ—¿ğŸ—¿ https://t.co/hgWCFkmJDz",1495173873125392384,https://twitter.com/Nepia_TR/status/1495173873125392384,,,,
451,2022-02-19 23:09:57+00:00,"@Narp3202 Yo bien, saltandome los deberes ğŸ—¿",1495173842775547908,https://twitter.com/mendigood/status/1495173842775547908,,,,
452,2022-02-19 23:09:45+00:00,"@ChewingGum1999 OlÃ¡, Goma. Ent vc Ã© de agosto? Sou de janero.
ğŸ—¿",1495173791076343814,https://twitter.com/mirana_sr/status/1495173791076343814,,,,
453,2022-02-19 23:09:16+00:00,@GermochoV3 literalmente no dije nada tu te montaste tu pelicula ğŸ—¿,1495173670494375936,https://twitter.com/Alex83164391/status/1495173670494375936,,,,
454,2022-02-19 23:08:58+00:00,@sajad_j10 Ø§Ù†Ø§ Ù…Ø§ Ø§Ø­Ø³Ø¯ ØºÙŠØ± ÙŠÙ„ÙŠ Ø±Ø§Ø­ ØªØªØ²ÙˆØ¬Ù‡Ø§ Ø¨Ø§Ù„Ù…Ø³ØªÙ‚Ø¨Ù„ğŸ—¿ğŸ—¿,1495173592795029507,https://twitter.com/mikasaakreman16/status/1495173592795029507,,,,
455,2022-02-19 23:08:50+00:00,@Yegi11882773 Ù†Ø®ÙˆÙ†Ø¯Ù…ğŸ—¿ğŸ—¿ğŸ—¿ğŸ—¿,1495173560519774216,https://twitter.com/MTX_51/status/1495173560519774216,,,,
456,2022-02-19 23:08:48+00:00,Boker sembari on tw nikmat jing ğŸ—¿ https://t.co/kVD6rYj8is,1495173552441466883,https://twitter.com/jbisyourz/status/1495173552441466883,,,,
457,2022-02-19 23:08:21+00:00,@k_AmiR_8 @Yegi11882773 Ù‡Ø±Ú†ÛŒ Ø§Ù‚Ø§Ù…ÙˆÙ† ØµÙ„Ø§Ø­ Ø¨Ø¯ÙˆÙ†Ù‡ğŸ—¿,1495173440663392259,https://twitter.com/MissPurple2005/status/1495173440663392259,,,,
458,2022-02-19 23:08:20+00:00,@VKooK_heart_ Øª Ù…Ú¯Ù‡ Ø´Ø¨ Ø¨Ø®ÛŒØ± Ù†Ú¯ÙØªÙ‡ Ø¨ÙˆØ¯ÛŒğŸ—¿ğŸ¤£,1495173435449827331,https://twitter.com/nasi1313/status/1495173435449827331,,,,
459,2022-02-19 23:08:15+00:00,@Polarcito_YT Si ğŸ—¿ğŸ¤™,1495173415036239874,https://twitter.com/kazhOOX/status/1495173415036239874,,,,
460,2022-02-19 23:07:46+00:00,@D_Yoruichi Ø¹Ø§Ø¯ Ø§Ù†Ø§ Ù…Ø§Ù„ÙŠ Ø®Ø¨Ø±Ø© ÙÙŠ Ø§Ù„Ø±Ø³Ù… ğŸ—¿ Ø¨Ø³ Ø¹Ø¬Ø¨Ù†ÙŠ Ø§Ù†Ù‡ ÙŠØ´Ø¨Ù‡ Ø³Ù„Ø§Ø­ Ø´Ø®ØµÙŠØ© Ø§Ø¹Ø±ÙÙ‡Ø§ ğŸŒ,1495173292482830346,https://twitter.com/saad_sangokushi/status/1495173292482830346,,,,
461,2022-02-19 23:07:15+00:00,"as vezes eu gosto de ver meu fav sofrer ğŸ—¿ tipo agora quero muito que o lufeng saiba do que vai acontecer com o anzhe, quero reaÃ§Ãµes do lufeng",1495173163549921284,https://twitter.com/liyurs/status/1495173163549921284,,,,
462,2022-02-19 23:07:10+00:00,@lyzzywyzzy jo mal schauen ğŸ—¿ğŸ’€,1495173140867174401,https://twitter.com/Rotkappachen/status/1495173140867174401,,,,
463,2022-02-19 23:06:55+00:00,@naturallight #NattyVintage #Sweepstakes  .ğŸ—¼ğŸš€ğŸ—¿ğŸšƒğŸš,1495173077331759106,https://twitter.com/justnncase/status/1495173077331759106,,,,
464,2022-02-19 23:06:54+00:00,@20Myou ØªØ¹Ø§ÙŠ Ø®ÙŠÙ‡ Ù…Ù†ÙƒØ³Ø± Ø¸Ù‡Ø±ÙŠ Ù…Ù† Ø´ØºÙ„ Ø§Ù„Ø¨ÙŠØª ğŸ˜‚ğŸ—¿.,1495173074240561159,https://twitter.com/6poin/status/1495173074240561159,,,,
465,2022-02-19 23:06:47+00:00,@naturallight #NattyVintage #Sweepstakes  .ğŸš¦ğŸšğŸš¥ğŸš€ğŸ—¿,1495173046197493763,https://twitter.com/justnncase/status/1495173046197493763,,,,
466,2022-02-19 23:06:45+00:00,@O3O_17 Ø´ÙˆÙ‡ØªÙˆØ§ Ø­Ø¨ÙŠØ¨Ù†Ø§ ğŸ—¿ğŸ’”ğŸ’”,1495173035388715008,https://twitter.com/nooora0908/status/1495173035388715008,,,,
467,2022-02-19 23:06:41+00:00,@naturallight #NattyVintage #Sweepstakes  .ğŸš¥ğŸš‹ğŸš¥ğŸ›«ğŸ—¿,1495173017852383246,https://twitter.com/justnncase/status/1495173017852383246,,,,
468,2022-02-19 23:06:35+00:00,goodnight ngayon pa lang me matutulog ğŸ—¿,1495172995819573251,https://twitter.com/R1KIC4RT/status/1495172995819573251,,,,
469,2022-02-19 23:06:34+00:00,@w_op3 Ø§Ø³ØªØ§Ø° ÙƒÙˆØ¨ÙŠ ÙŠØ¨Ø¯ÙˆØ§ Ø­Ø²ÙŠÙ†Ø§Ù‹ Ø®Ù„Ø§Øµ Ø¨Ù†Ø±Ø§Ø¶ÙŠÙƒ Ù‡Ø§Ù„Ø§Ø³Ø¨ÙˆØ¹ â™¥ï¸ğŸ—¿,1495172991600238595,https://twitter.com/ii_mo19/status/1495172991600238595,,,,
470,2022-02-19 23:06:12+00:00,@TCrack777 ğŸ—¿?,1495172898956484614,https://twitter.com/mendigood/status/1495172898956484614,,,,
471,2022-02-19 23:05:59+00:00,@valeaguima @ximeesanchezl  tÃº en todo ğŸ—¿,1495172843339796483,https://twitter.com/Pabloqcastro18/status/1495172843339796483,,,,
472,2022-02-19 23:05:29+00:00,@naturallight #NattyVintage #Sweepstakes  .ğŸ—¼ğŸš‹ğŸ—¿ğŸš,1495172717456367621,https://twitter.com/justnncase/status/1495172717456367621,,,,
473,2022-02-19 23:05:00+00:00,Ù…ØªÙ…Ù†ÙŠÙƒØ´ Ùˆ ØªÙ‚ÙˆÙ„ÙŠ Ù…Ø§Ø²Ø§Ù„Ùƒ ØªÙ…Ø³Ø­ ØµØ¨Ø§Ø·Ùƒ Ø¨ Ø§Ù„ÙƒØªØ§Ù†Ø© ØµÙØ±Ø© ØªØ§Ø¹ ÙƒÙˆØ²ÙŠÙ†Ø© ğŸ—¿ğŸ’”,1495172595133685776,https://twitter.com/hamodi_its/status/1495172595133685776,,,,
474,2022-02-19 23:04:48+00:00,@blckswanjm ÙˆÙ‚ØªÛŒ ÙØ§Ø² Ù…Ø«Ø¨Øª Ø¨ÙˆØ¯Ù† Ù…ÛŒÚ¯ÛŒØ±Ù† ğŸ—¿,1495172545959583746,https://twitter.com/Armytaev12/status/1495172545959583746,,,,